session,material,nozzle_mm,pressure_bar,mix_ratio_pct,sensor,rms,zero_crossing_rate,peak_amplitude,crest_factor,kurtosis,spectral_centroid,spectral_bandwidth,spectral_rolloff_85,dominant_frequency,mfcc_1_mean,mfcc_1_std,mfcc_2_mean,mfcc_2_std,mfcc_3_mean,mfcc_3_std,mfcc_4_mean,mfcc_4_std,mfcc_5_mean,mfcc_5_std,mfcc_6_mean,mfcc_6_std,mfcc_7_mean,mfcc_7_std,mfcc_8_mean,mfcc_8_std,mfcc_9_mean,mfcc_9_std,mfcc_10_mean,mfcc_10_std,mfcc_11_mean,mfcc_11_std,mfcc_12_mean,mfcc_12_std,mfcc_13_mean,mfcc_13_std
v24,G80,8.0,3.0,0,AccAxial4507,0.00046281106187961996,0.06163333333333333,0.00295494613237679,6.384778532249927,0.7315778732299805,853.6575238936044,1127.8114526461484,1963.3999999999999,11.133333333333333,-133.0435028076172,0.6506074070930481,9.205469131469727,0.766942024230957,-0.13623954355716705,0.6601278185844421,-0.20409917831420898,0.6099340915679932,0.17981627583503723,0.5512558221817017,0.9007577896118164,0.5546926856040955,1.1644644737243652,0.5353637933731079,0.41906169056892395,0.5244554877281189,-1.2725142240524292,0.5249863862991333,-3.4337003231048584,0.4743689298629761,-0.28800877928733826,0.5211837887763977,2.7314202785491943,0.6102189421653748,0.783869743347168,0.6279420256614685
v24,G80,8.0,3.0,0,AccRadial4507,0.000750987499486655,0.06327916666666666,0.003604239784181118,4.799333925857397,0.14071178436279297,1194.622951665011,874.214884286962,1847.2666666666667,248.46666666666667,-130.19313049316406,0.6292563676834106,11.150654792785645,0.7486502528190613,-1.7959598302841187,0.6527239680290222,-1.2831600904464722,0.5743933916091919,0.8995180726051331,0.5124086737632751,0.42447853088378906,0.5047287940979004,1.046879529953003,0.5134693384170532,-0.29673945903778076,0.48933422565460205,-3.633864402770996,0.4813120663166046,-3.866037607192993,0.4874096214771271,-0.5020649433135986,0.5107718706130981,2.0753731727600098,0.5701727867126465,2.0925703048706055,0.6144062280654907
v24,G80,8.0,3.0,0,Mic147EB,0.006614320911467075,0.058055555555555555,0.09324349462985992,14.097213588201642,10.326104164123535,710.1334106165025,1763.6766587785896,708.2,25.0,-108.8258285522461,8.855415344238281,9.824115753173828,4.17066764831543,1.6317176818847656,2.99528169631958,3.8874101638793945,1.5223994255065918,0.9881529211997986,1.458097219467163,2.2271664142608643,1.2322642803192139,0.07117865979671478,1.088187336921692,1.0505017042160034,1.1513524055480957,-0.4657860994338989,1.116400122642517,0.9191032648086548,1.145714282989502,-0.6514522433280945,1.0678852796554565,0.7156130075454712,0.8657054305076599,-0.19254498183727264,0.8780888915061951
v24,G80,8.0,3.0,0,Mic46BE,0.00583564443513751,0.051256944444444445,0.09361424297094345,16.041800354948723,11.468164443969727,766.4721395556825,1450.0950413100934,1078.1333333333332,25.0,-112.58509063720703,8.50022029876709,13.186763763427734,3.731581687927246,-1.9660197496414185,3.8908450603485107,5.353981018066406,1.7443888187408447,1.790490746498108,1.6947885751724243,0.6339263916015625,1.2350271940231323,0.8826777935028076,1.156299114227295,0.7857507467269897,1.204267144203186,-0.5423408150672913,1.1291618347167969,0.38256123661994934,1.176257610321045,-0.47223809361457825,1.087238073348999,0.17231528460979462,0.8821563124656677,-0.041971877217292786,0.8324370384216309
v24,G80,8.0,3.0,100,AccAxial4507,0.09339065849781036,0.19450555555555554,1.0,10.707709058753943,6.626442909240723,4478.985263120321,1961.1656966341002,5651.8,4724.6,-74.97822570800781,7.437102317810059,10.543861389160156,2.029273271560669,-14.35778522491455,3.8385584354400635,11.013724327087402,1.484367847442627,-6.648312568664551,1.5651124715805054,3.2010490894317627,0.6670589447021484,-1.2896355390548706,0.7903291583061218,3.7092628479003906,0.7403496503829956,-0.17845605313777924,0.6733656525611877,-1.7281781435012817,0.5792059302330017,-1.0671169757843018,0.5915386080741882,3.1802964210510254,0.6195357441902161,-0.388980895280838,0.5855680704116821
v24,G80,8.0,3.0,100,AccRadial4507,0.10199738293886185,0.23522083333333332,1.0,9.804173118828048,6.866909027099609,5616.602758663985,1594.9093541368302,7037.8,6846.8,-77.13431549072266,7.569509983062744,9.016196250915527,1.9966834783554077,-15.94207763671875,3.7781732082366943,12.268221855163574,1.550541877746582,-5.705439567565918,1.5973190069198608,1.3710746765136719,0.640882134437561,0.762874960899353,0.7993857264518738,2.8411147594451904,0.7481757998466492,-2.3391971588134766,0.647540807723999,1.3368394374847412,0.8099450469017029,-1.5704600811004639,0.625379741191864,0.5683914422988892,0.5788686871528625,0.44739964604377747,0.5632797479629517
v24,G80,8.0,3.0,100,Mic147EB,0.22337716817855835,0.06427222222222222,0.9211475849151611,4.123732037729273,-0.015480995178222656,549.1148792865441,1600.5458709680622,536.7333333333333,100.2,-58.08784484863281,2.8174774646759033,9.067924499511719,1.3734996318817139,1.9012131690979004,1.7897653579711914,3.874560594558716,0.908202052116394,0.21993060410022736,0.6828370094299316,1.4512778520584106,0.6929425001144409,0.5961878299713135,0.8892703652381897,1.6194558143615723,0.8285413384437561,-1.0053722858428955,0.6141719818115234,2.3857107162475586,0.8828877806663513,-0.22562360763549805,0.6608721017837524,0.3823305070400238,0.7703103423118591,-0.1479702889919281,0.6870853304862976
v24,G80,8.0,3.0,100,Mic46BE,0.1816256046295166,0.08117083333333333,1.0,5.505831636678205,0.08716630935668945,909.4211040051187,1796.2629273129194,1651.6666666666667,100.2,-61.564510345458984,2.629625082015991,12.520373344421387,1.2854152917861938,-2.6376242637634277,1.8084133863449097,6.372030258178711,0.8422132730484009,-0.08158359676599503,0.6600247621536255,-0.1535148173570633,0.6936153769493103,1.122700572013855,0.8989726305007935,1.2919731140136719,0.8334383368492126,-1.2400115728378296,0.610802173614502,1.91314697265625,0.8099002242088318,-0.34755489230155945,0.684070348739624,0.08323618024587631,0.8406907320022583,0.28100186586380005,0.7707460522651672
v24,G80,8.0,3.0,30,AccAxial4507,0.06778453290462494,0.14279027777777778,1.0,14.752628028093559,3.754383087158203,4873.473266222317,1921.8722367677806,7359.733333333334,4688.666666666667,-101.49329376220703,29.841228485107422,7.156953811645508,2.110056161880493,-10.65810775756836,10.125608444213867,5.535104274749756,4.629201412200928,-4.227262496948242,4.630913734436035,2.087373971939087,0.9236459136009216,0.10084468871355057,1.7071619033813477,2.37479305267334,1.2415095567703247,-0.2839289903640747,0.7405428290367126,-2.1170008182525635,0.620697557926178,-0.13571025431156158,0.6739817261695862,2.922783613204956,0.5505099892616272,0.12745700776576996,1.229453206062317
v24,G80,8.0,3.0,30,AccRadial4507,0.12536533176898956,0.16510416666666666,1.0,7.976686902904688,2.8682861328125,5835.272677767793,1394.497980052917,7070.599999999999,6831.599999999999,-97.90815734863281,29.975439071655273,7.503347396850586,3.2168867588043213,-12.355011940002441,10.259175300598145,6.031418323516846,5.905221462249756,-3.812631130218506,4.546586036682129,1.05267333984375,0.6549431085586548,0.7883493304252625,1.105396032333374,1.4823887348175049,1.2464587688446045,-2.9195618629455566,0.6283882260322571,-0.7539485692977905,2.252458333969116,-0.9556475281715393,1.0538111925125122,1.275491714477539,1.004704475402832,1.1194580793380737,1.2751985788345337
v24,G80,8.0,3.0,30,Mic147EB,0.1164809912443161,0.05570972222222222,0.7734468579292297,6.640112259235014,1.5822458267211914,855.902909901469,1835.8637944278853,1644.3333333333333,100.53333333333333,-71.25041198730469,12.778976440429688,14.864203453063965,6.954596996307373,-1.6355736255645752,0.7395585775375366,4.582557201385498,1.0632213354110718,-0.4406938850879669,0.714777410030365,1.7822527885437012,0.5777353644371033,-0.17033284902572632,0.8545898199081421,1.2280724048614502,1.0336580276489258,-1.031297206878662,0.5182377099990845,1.0060900449752808,0.7829930782318115,-0.38223564624786377,0.7488715052604675,0.5578052401542664,0.6587470173835754,-0.8320775628089905,0.6097007989883423
v24,G80,8.0,3.0,30,Mic46BE,0.10245127230882645,0.06649583333333334,0.7256326675415039,7.082710162487545,1.8611655235290527,1263.5758054831426,1912.7391708801074,3729.866666666667,100.53333333333333,-74.75116729736328,12.559226989746094,18.362398147583008,6.053110599517822,-6.4960408210754395,0.8419333696365356,6.732846260070801,1.4281266927719116,-0.30674201250076294,0.5822317600250244,0.25984522700309753,0.623348593711853,0.6788817048072815,0.7413955926895142,1.3693060874938965,1.106850266456604,-0.7501819729804993,0.5907846093177795,0.6464034914970398,0.755774974822998,-0.3382267355918884,0.6206929683685303,0.27106618881225586,0.7017388939857483,-0.7192297577857971,0.628948986530304
v24,G80,8.0,3.0,40,AccAxial4507,0.11539018899202347,0.21771527777777777,1.0,8.6662480470426,0.3024919033050537,4994.187267654186,2086.852514248954,7844.866666666667,4387.933333333333,-72.14800262451172,8.922433853149414,6.009397506713867,2.0107808113098145,-19.38605308532715,3.2053780555725098,9.598947525024414,1.3693066835403442,-8.4453763961792,1.7446393966674805,3.386263847351074,0.7430332899093628,-1.1290370225906372,0.7991237044334412,3.8131110668182373,0.7633278965950012,0.27037903666496277,0.563405454158783,-1.3203377723693848,0.5665414333343506,-0.47871673107147217,0.5410240292549133,3.3747177124023438,0.5083569884300232,-0.9358892440795898,0.5901501178741455
v24,G80,8.0,3.0,40,AccRadial4507,0.15068095922470093,0.24415833333333334,0.8297387361526489,5.506593138389253,0.20105695724487305,5857.491284894842,1364.209712175518,7070.666666666667,6424.533333333333,-73.52983856201172,8.75932788848877,4.372549057006836,1.8876391649246216,-21.042985916137695,3.407003164291382,11.095888137817383,1.6213243007659912,-7.649695873260498,1.679557204246521,1.5128692388534546,0.6126471757888794,0.37938326597213745,0.7325642704963684,2.6909661293029785,0.6625529527664185,-2.3475282192230225,0.5656082034111023,1.1970032453536987,0.757976770401001,-1.3824135065078735,0.594359815120697,0.7431556582450867,0.5528688430786133,0.17165686190128326,0.584697425365448
v24,G80,8.0,3.0,40,Mic147EB,0.15205343067646027,0.10055138888888888,0.7962047457695007,5.236348448221912,0.11306238174438477,1148.159043542174,2366.9023526817778,2631.8,99.86666666666666,-58.35780334472656,6.5652995109558105,6.474039077758789,1.1097362041473389,-1.3276797533035278,0.9110490679740906,4.489991664886475,0.8053231835365295,0.35162413120269775,0.7016217112541199,1.9681079387664795,0.5661686658859253,0.24141718447208405,0.7799144983291626,2.1718809604644775,0.8392318487167358,-0.4397973120212555,0.6217758655548096,1.7800713777542114,0.6127762794494629,-0.10391192138195038,0.7471497654914856,0.549471378326416,0.7707712650299072,-1.1177144050598145,0.6144033670425415
v24,G80,8.0,3.0,40,Mic46BE,0.16818568110466003,0.10394027777777778,1.0,5.945809378253261,0.2065119743347168,1510.1087747871545,2096.079743974831,4320.066666666667,99.86666666666666,-59.620826721191406,6.403745174407959,10.742186546325684,1.0881508588790894,-6.086116313934326,1.0495123863220215,6.970266819000244,0.8106693625450134,0.13373972475528717,0.7265752553939819,0.3040394186973572,0.5846614837646484,0.7033675312995911,0.7640978693962097,2.146080732345581,0.8268533945083618,-0.3684280514717102,0.6495790481567383,1.3412538766860962,0.6214079260826111,-0.26007357239723206,0.7590488195419312,0.22950316965579987,0.8062213063240051,-0.8962555527687073,0.5780307650566101
v24,G80,8.0,3.0,50,AccAxial4507,0.0007481060456484556,0.09015277777777778,0.00716690719127655,9.580068538363838,11.161372184753418,732.119134093098,1323.9959844059586,1747.4666666666667,41.8,-132.30393981933594,0.6930596828460693,8.807791709899902,0.8603935241699219,-2.2130775451660156,0.8037543892860413,0.6987398266792297,0.7654171586036682,2.7983458042144775,0.706956684589386,-0.20534151792526245,0.6834912300109863,1.1767383813858032,0.6648313403129578,3.358146905899048,0.6156349778175354,-0.8313823938369751,0.6034620404243469,-3.9442572593688965,0.597424328327179,0.8255838751792908,0.5652564167976379,4.458353042602539,0.5337221026420593,1.6051101684570312,0.5530076622962952
v24,G80,8.0,3.0,50,AccRadial4507,0.0009283692925237119,0.06801388888888889,0.007177187595516443,7.730961863253493,5.087789535522461,783.4336712492718,1114.18659150568,1758.7333333333333,19.266666666666666,-128.88763427734375,0.6748943328857422,11.538984298706055,0.7981581091880798,-2.2116196155548096,0.7784209847450256,0.4033595323562622,0.6962718963623047,2.3845741748809814,0.5786867737770081,-0.9595531821250916,0.5957807302474976,0.3494850993156433,0.6652458310127258,1.2078814506530762,0.5918676257133484,-3.0625221729278564,0.5843685865402222,-3.9215996265411377,0.6122894883155823,0.6495664119720459,0.5451322197914124,3.0580332279205322,0.5212281942367554,2.0144081115722656,0.5593598484992981
v24,G80,8.0,3.0,50,Mic147EB,0.07760321348905563,0.022294444444444443,0.336168497800827,4.33188888303236,-0.009900331497192383,303.0717871185031,462.06843808290347,499.1333333333333,209.0,-81.13151550292969,1.8242839574813843,21.858373641967773,1.8806483745574951,-1.272709608078003,0.875903844833374,3.6752045154571533,0.637997567653656,-0.7921463251113892,0.5223039984703064,1.9858416318893433,0.5067618489265442,-0.375882625579834,0.4743497371673584,0.8475409150123596,0.47749418020248413,-0.8976262807846069,0.4966607093811035,0.6591104865074158,0.5027725696563721,-0.7924055457115173,0.4649028182029724,0.35193300247192383,0.4828282296657562,-0.7011997699737549,0.4554170072078705
v24,G80,8.0,3.0,50,Mic46BE,0.05814608931541443,0.027056944444444446,0.27492091059684753,4.728106633371928,0.007506370544433594,339.05046795087645,561.6973965335321,499.3333333333333,41.8,-85.6609115600586,1.493396282196045,25.0318660736084,1.4078139066696167,-5.890812397003174,0.7146033048629761,5.6266021728515625,0.5872142910957336,-0.0744418129324913,0.5367127060890198,0.3543670177459717,0.5176472067832947,0.7080838084220886,0.49100354313850403,0.6390395760536194,0.4637193977832794,-0.46629324555397034,0.4759049713611603,0.37753355503082275,0.47413498163223267,-0.45297524333000183,0.440380722284317,-0.05985799804329872,0.44124114513397217,-0.5396634340286255,0.44580864906311035
v24,G80,8.0,3.0,60,AccAxial4507,0.04700654745101929,0.175,0.6024379730224609,12.816043842620008,1.1885638236999512,4682.064522096213,1849.612170484948,6573.8,4750.2,-89.84909057617188,19.023963928222656,7.455404758453369,2.6824758052825928,-15.436505317687988,8.292108535766602,7.968693256378174,2.502357006072998,-5.812738418579102,3.8643436431884766,2.2772417068481445,0.6955162286758423,-0.1385391801595688,1.5292872190475464,2.973982095718384,0.7016147971153259,0.8082662224769592,0.6154358386993408,-2.0402276515960693,0.7751147747039795,-0.12312991172075272,0.7357776165008545,2.958209991455078,0.6897111535072327,-0.2460605949163437,0.9009552001953125
v24,G80,8.0,3.0,60,AccRadial4507,0.15332981944084167,0.2081375,1.0,6.521888590534889,0.8749444484710693,5769.245532001478,1438.45696928363,7052.666666666667,6836.8,-79.42346954345703,20.27574920654297,7.675782680511475,3.978588819503784,-17.59990692138672,8.728045463562012,10.277210235595703,3.124840021133423,-5.814717769622803,4.128305435180664,1.2851756811141968,0.7724495530128479,0.7910489439964294,1.5825968980789185,2.5036654472351074,0.7613124847412109,-2.282621145248413,0.6570332646369934,0.7219412922859192,1.041372537612915,-1.4569289684295654,1.1155380010604858,1.0737271308898926,0.8466539978981018,0.7036064267158508,1.1340216398239136
v24,G80,8.0,3.0,60,Mic147EB,0.19775432348251343,0.07067777777777778,1.0,5.056779454373981,0.48810672760009766,837.4902238287054,1926.395155375903,1337.3333333333333,99.8,-59.394466400146484,9.404112815856934,10.001336097717285,4.573426246643066,-0.4261665642261505,1.067413568496704,4.5941877365112305,0.831154465675354,0.323560506105423,0.7711191773414612,1.3475662469863892,0.6494277119636536,-0.008235487155616283,0.8521165251731873,1.9728795289993286,0.9526720643043518,-0.8263475894927979,0.5556629300117493,1.3231756687164307,0.666619598865509,-0.3800784945487976,0.6720969676971436,0.8378639221191406,0.6221504807472229,-1.087430477142334,0.5739990472793579
v24,G80,8.0,3.0,60,Mic46BE,0.1865210235118866,0.07935416666666667,1.0,5.36132593083413,0.4702012538909912,1173.8141116715299,1875.3008627850863,3442.4666666666667,99.8,-61.81706237792969,9.481459617614746,13.825043678283691,4.435168743133545,-5.115813255310059,1.1870726346969604,6.814048767089844,0.7119060158729553,0.2492179423570633,0.706103503704071,-0.19501787424087524,0.696925163269043,0.45139503479003906,0.82977694272995,1.8224143981933594,0.9822847247123718,-0.8457252383232117,0.585706889629364,0.8252707123756409,0.6519609093666077,-0.4270114004611969,0.7005450129508972,0.6013175845146179,0.6687009334564209,-0.8389447927474976,0.5731124877929688
v24,G80,8.0,3.0,70,AccAxial4507,0.08726592361927032,0.18133055555555555,1.0,11.459226677790836,5.3338165283203125,4700.2126143134665,2062.5439422419486,7425.733333333334,4686.866666666667,-81.43706512451172,19.380210876464844,10.185812950134277,2.4482533931732178,-13.699706077575684,6.297332286834717,9.3710355758667,3.410494804382324,-6.1772685050964355,3.0457887649536133,2.8521833419799805,0.8343273997306824,-0.9072376489639282,1.3409066200256348,3.0587799549102783,1.0348384380340576,-0.060471925884485245,0.7161698937416077,-1.878801703453064,0.7186881899833679,-0.86704421043396,0.7712440490722656,3.108071804046631,0.6571952104568481,-0.2102316915988922,0.8309401869773865
v24,G80,8.0,3.0,70,AccRadial4507,0.11743184924125671,0.21373472222222223,1.0,8.515577387745635,5.538519859313965,5743.211142724245,1517.2749433772717,7062.2,6965.599999999999,-81.7295150756836,18.944856643676758,9.30832576751709,2.9529547691345215,-15.142353057861328,6.5592546463012695,10.527092933654785,4.2858052253723145,-5.306951522827148,2.9934966564178467,1.1434745788574219,0.6386091113090515,0.6318652629852295,0.8888366222381592,2.1031367778778076,1.0979987382888794,-2.7035739421844482,0.7627047300338745,0.6063201427459717,1.5784016847610474,-1.6291919946670532,0.8439353108406067,0.629489541053772,0.936076819896698,0.6640802025794983,0.9969379305839539
v24,G80,8.0,3.0,70,Mic147EB,0.20265014469623566,0.050894444444444444,0.9645340442657471,4.759602050674794,0.22639966011047363,479.96536017849854,1443.2491722740467,434.73333333333335,100.33333333333333,-62.25930404663086,8.123801231384277,10.774544715881348,4.106967926025391,1.5137485265731812,2.1387557983398438,4.023197650909424,0.6654452681541443,0.059752799570560455,0.7136914730072021,1.9922200441360474,0.6261014342308044,0.21474775671958923,0.8324899673461914,1.633299708366394,0.826423168182373,-0.606040894985199,0.6470561623573303,2.0060064792633057,0.9340078830718994,-0.7469440698623657,0.8059808015823364,0.6759395003318787,0.6923967003822327,-0.4151664078235626,0.6757632493972778
v24,G80,8.0,3.0,70,Mic46BE,0.17754320800304413,0.05385277777777778,1.0,5.632431740125222,0.44710206985473633,674.2829401190548,1405.3851298133595,1191.7333333333333,100.33333333333333,-64.80693054199219,8.18370246887207,14.253805160522461,4.078324794769287,-2.956228733062744,2.081329107284546,6.540853500366211,0.6918191909790039,-0.061128899455070496,0.6130968332290649,0.43980398774147034,0.6376581192016602,0.5838131308555603,0.7905257344245911,1.3805512189865112,0.8302409052848816,-0.6608934998512268,0.6898413300514221,1.338451862335205,0.8898399472236633,-0.718095600605011,0.7727532982826233,0.5771610736846924,0.6995242834091187,-0.2580432593822479,0.6389403343200684
v24,G80,8.0,4.0,0,AccAxial4507,0.04285550117492676,0.19075833333333334,0.3747125566005707,8.743627920044062,1.1020903587341309,5144.504316393081,2295.3374842293138,8139.733333333334,4634.133333333333,-91.75084686279297,23.14813804626465,5.869010925292969,1.7961093187332153,-14.158478736877441,8.010183334350586,7.388448715209961,3.5235166549682617,-6.087899684906006,3.771167755126953,2.853018283843994,0.8346260786056519,-0.5529135465621948,1.341383695602417,2.4463136196136475,1.0934724807739258,0.46302640438079834,0.8573583960533142,-1.4487805366516113,0.5891772508621216,-0.30739349126815796,0.7191956639289856,2.696536064147949,0.5525842308998108,-0.06008046492934227,0.9287033081054688
v24,G80,8.0,4.0,0,AccRadial4507,0.06518488377332687,0.211875,1.0,15.340980026556277,1.2056660652160645,5977.263503818344,1398.581671215192,7139.8,6413.0,-91.36353302001953,22.762149810791016,5.031016826629639,2.2244255542755127,-15.32723331451416,8.23531723022461,8.624568939208984,4.637787342071533,-5.774281024932861,3.5024664402008057,1.1174236536026,0.5933452844619751,0.6223085522651672,0.8865598440170288,1.7038975954055786,1.0547423362731934,-2.1194183826446533,0.6457189321517944,0.26784467697143555,1.5213497877120972,-1.2686392068862915,0.8755438923835754,0.534812331199646,1.048211932182312,0.9687753915786743,0.9028261303901672
v24,G80,8.0,4.0,0,Mic147EB,0.19867382943630219,0.080925,0.9893536567687988,4.979788528644637,0.5107614994049072,1074.742658857342,2224.495178775585,2339.133333333333,100.2,-59.43672180175781,11.624652862548828,9.961360931396484,6.24722957611084,-1.0618687868118286,1.046385407447815,4.197482109069824,1.0223435163497925,0.37213385105133057,0.8894004821777344,1.879125952720642,0.7914240956306458,0.032217010855674744,0.9205058217048645,1.8408820629119873,1.0569602251052856,-0.44998884201049805,0.6572123765945435,1.514344334602356,0.7811331152915955,-0.5639752745628357,0.7398828268051147,0.1353137046098709,0.6388593912124634,-0.6956312656402588,0.5974239706993103
v24,G80,8.0,4.0,0,Mic46BE,0.19781485199928284,0.08445833333333333,1.0,5.055232152152183,0.5580310821533203,1411.6977605156449,1960.1045680892066,3702.2666666666664,100.2,-62.080379486083984,11.546697616577148,13.994140625,5.921205043792725,-5.73282527923584,1.0270435810089111,6.505824089050293,1.11845064163208,0.342972069978714,0.7268021702766418,0.36389121413230896,0.8225433826446533,0.648341715335846,0.9663247466087341,1.642554521560669,1.1380140781402588,-0.5955695509910583,0.7374690771102905,0.8142455816268921,0.8580781817436218,-0.7321552634239197,0.816636860370636,-0.09748068451881409,0.7836883068084717,-0.32458561658859253,0.7307897806167603
v24,G80,8.0,4.0,100,AccAxial4507,0.025345830246806145,0.1994277777777778,1.0,39.45422147400404,13.453866958618164,4209.293148027081,2400.7037396600617,7205.133333333333,19.8,-84.23754119873047,1.1455631256103516,10.2283296585083,1.294018268585205,-13.666301727294922,0.9261829853057861,9.854743957519531,0.6156503558158875,-6.526988506317139,0.6385579705238342,2.218522548675537,0.5483789443969727,-0.6381454467773438,0.5503554344177246,2.8814313411712646,0.5891866087913513,0.3545934557914734,0.5832972526550293,-2.185671091079712,0.5100271105766296,-0.8154146075248718,0.512385904788971,2.673680067062378,0.5246070623397827,0.21103745698928833,0.47771263122558594
v24,G80,8.0,4.0,100,AccRadial4507,0.08086787909269333,0.2460152777777778,0.40881049633026123,5.055288959188229,0.05704092979431152,5658.071584410244,1755.6500708642645,7007.599999999999,6814.066666666667,-74.54930877685547,1.1857283115386963,9.638931274414062,1.4583407640457153,-16.244152069091797,0.9122923612594604,11.909689903259277,0.6803887486457825,-6.5314249992370605,0.5924147963523865,1.2413676977157593,0.5487625002861023,0.7490261197090149,0.5682079195976257,2.8387179374694824,0.5417880415916443,-2.562045097351074,0.5757818818092346,1.6975963115692139,0.6198569536209106,-1.7791106700897217,0.5139034986495972,0.2750161290168762,0.47248145937919617,0.6863296031951904,0.4459306597709656
v24,G80,8.0,4.0,100,Mic147EB,0.19458743929862976,0.05055138888888889,0.7157524228096008,3.678307425132147,-0.4797968864440918,402.97481524606167,1525.0605995405824,210.06666666666666,100.0,-60.962886810302734,0.886028528213501,8.253477096557617,0.9904075264930725,2.9369781017303467,0.6785321831703186,3.8706178665161133,0.6465696692466736,0.9259194731712341,0.5377437472343445,1.5741254091262817,0.5109143853187561,0.32170942425727844,0.508683979511261,2.3165180683135986,0.5426886677742004,-0.12964467704296112,0.4927763342857361,2.8094818592071533,0.5182260274887085,-0.5607426166534424,0.5290234684944153,0.12741851806640625,0.5168625712394714,-0.2865039110183716,0.5325915813446045
v24,G80,8.0,4.0,100,Mic46BE,0.14611569046974182,0.06739027777777777,0.5866987705230713,4.01530300159357,-0.345897912979126,661.9835419963636,1655.385903363443,492.26666666666665,100.0,-64.96125030517578,1.0041592121124268,11.171429634094238,1.2931625843048096,-1.65794837474823,0.77882981300354,6.974250316619873,0.6438258290290833,0.8058424592018127,0.6578869819641113,0.03213302791118622,0.5567231178283691,0.8282333612442017,0.5005238652229309,1.730012059211731,0.4970453381538391,-0.7980934381484985,0.48691362142562866,2.365236520767212,0.5143022537231445,-0.6734905242919922,0.47780749201774597,-0.010428504087030888,0.5568504333496094,0.27594614028930664,0.5031986236572266
v24,G80,8.0,4.0,30,AccAxial4507,0.08369705826044083,0.22890972222222222,1.0,11.947851224212584,0.9375104904174805,5109.187557367621,2271.3332008888747,8095.466666666666,4340.733333333334,-73.45061492919922,4.332712173461914,5.854177474975586,2.218984842300415,-18.226457595825195,2.0033416748046875,9.68432331085205,1.136736273765564,-8.220620155334473,1.1118063926696777,3.389346122741699,0.6011785268783569,-1.439608097076416,0.6902570128440857,3.3380613327026367,0.6553927659988403,0.27061036229133606,0.6339810490608215,-1.3364661931991577,0.6863124370574951,-1.1230581998825073,0.6479940414428711,2.8237733840942383,0.642382800579071,-0.8891292810440063,0.5330365300178528
v24,G80,8.0,4.0,30,AccRadial4507,0.13886140286922455,0.25421805555555554,1.0,7.20142515729709,0.1408834457397461,6011.105095309085,1407.8017079314752,7140.466666666666,6399.2,-71.97034454345703,4.718125343322754,4.692073345184326,2.4901859760284424,-19.274141311645508,2.147460699081421,11.57136058807373,1.552565097808838,-7.83292818069458,1.2633973360061646,1.5132942199707031,0.6174600720405579,-0.06687728315591812,0.6917864680290222,2.320544958114624,0.7084985971450806,-2.6802265644073486,0.7264212369918823,1.0101642608642578,0.758868932723999,-2.1480817794799805,0.7217437624931335,0.23496365547180176,0.7169913649559021,0.18788494169712067,0.5638139843940735
v24,G80,8.0,4.0,30,Mic147EB,0.1809709370136261,0.11186805555555555,0.9625458717346191,5.318787025245633,0.10390448570251465,1409.6099322067357,2604.931064029246,3110.4666666666667,99.6,-54.436458587646484,2.0766031742095947,6.094790458679199,1.1578741073608398,-1.3482985496520996,0.8943224549293518,4.378058910369873,0.8269978165626526,0.7770874500274658,0.6759728789329529,1.6962745189666748,0.6286346316337585,-0.26434192061424255,0.8847609162330627,1.9495024681091309,0.9219446182250977,-0.21200045943260193,0.560269832611084,1.6015204191207886,0.726691722869873,-0.4689321517944336,0.660099446773529,0.4655395746231079,0.5543542504310608,-0.555289089679718,0.5793850421905518
v24,G80,8.0,4.0,30,Mic46BE,0.13942933082580566,0.11530416666666667,1.0,7.172092084766137,0.39452219009399414,1870.8538862752948,2199.0012080184524,4521.6,99.6,-60.819393157958984,1.9417614936828613,10.515048027038574,0.9613842368125916,-6.440113544464111,1.0573477745056152,7.0846147537231445,0.7035223841667175,0.623575747013092,0.6126134395599365,0.21112947165966034,0.6595559120178223,0.24232131242752075,0.8774184584617615,1.746313214302063,0.8841190338134766,-0.4997309744358063,0.6214004755020142,1.1756768226623535,0.7324954867362976,-0.6465692520141602,0.6041483283042908,0.2918447256088257,0.5548790693283081,-0.12702900171279907,0.6744670271873474
v24,G80,8.0,4.0,40,AccAxial4507,0.056630250066518784,0.23034027777777777,0.6841510534286499,12.081017700346287,0.20409417152404785,5126.936469052235,2249.6160493868497,8098.866666666667,4755.533333333333,-77.91552734375,0.7343711256980896,5.869640827178955,1.0867884159088135,-18.702392578125,0.750373125076294,9.568098068237305,0.6541814208030701,-7.823082447052002,0.7394356727600098,3.4467337131500244,0.5597884058952332,-1.3254759311676025,0.5075836181640625,2.759639263153076,0.5659109950065613,0.8688911199569702,0.5338814854621887,-1.263798475265503,0.5412409901618958,-0.5879337787628174,0.4874591827392578,2.56209659576416,0.5253537893295288,-0.5198485255241394,0.46448391675949097
v24,G80,8.0,4.0,40,AccRadial4507,0.0819019228219986,0.2553416666666667,0.43212956190109253,5.276183354574722,0.05875444412231445,6010.972884784104,1313.184285706939,7064.666666666667,6841.733333333334,-78.97809600830078,0.6716294884681702,4.413876056671143,1.0961697101593018,-19.844633102416992,0.7678816318511963,11.518738746643066,0.722690999507904,-7.281160354614258,0.7529894709587097,1.1479965448379517,0.46398332715034485,0.34560614824295044,0.5073345303535461,2.004607677459717,0.5039544105529785,-2.029627561569214,0.5221163034439087,1.2106704711914062,0.5525110960006714,-1.4736346006393433,0.5003180503845215,-0.013480376452207565,0.48331567645072937,0.6202342510223389,0.4281950891017914
v24,G80,8.0,4.0,40,Mic147EB,0.18220022320747375,0.09432916666666667,1.0,5.488467480422826,0.019991159439086914,1128.422180797323,2243.055917255037,2653.6666666666665,100.13333333333333,-56.091064453125,1.2201852798461914,6.8501434326171875,0.7026861310005188,-0.6787369251251221,1.1466419696807861,4.25026798248291,0.8257859349250793,0.788181722164154,0.6687142252922058,1.953945517539978,0.586835503578186,0.0578831285238266,0.9603999257087708,1.9545013904571533,0.8988922238349915,-0.5092971324920654,0.5384836196899414,2.003830909729004,0.8442149758338928,-0.5924876928329468,0.6879726052284241,0.11897902190685272,0.5889337062835693,-0.4517808258533478,0.6575844287872314
v24,G80,8.0,4.0,40,Mic46BE,0.15764476358890533,0.09912777777777777,1.0,6.343375937355763,0.39287543296813965,1520.6434788793997,1994.9725702435815,3423.4,100.13333333333333,-60.336936950683594,1.1672375202178955,10.886959075927734,0.7445715665817261,-5.3468852043151855,1.3340436220169067,6.759364128112793,0.6681743264198303,0.7301070690155029,0.6743641495704651,0.31251251697540283,0.6682392954826355,0.36135995388031006,0.9821204543113708,1.5433062314987183,0.8799871206283569,-0.6829528212547302,0.5863710045814514,1.5448135137557983,0.788727879524231,-0.6079623699188232,0.6512112617492676,-0.026523686945438385,0.6512871980667114,-0.1421082317829132,0.6691783666610718
v24,G80,8.0,4.0,50,AccAxial4507,0.0743476152420044,0.219925,0.6125554442405701,8.239073200218705,0.3277590274810791,4905.544894258685,2183.79521177104,7890.4,4229.4,-74.67085266113281,1.6509150266647339,7.0971999168396,1.0849332809448242,-18.098342895507812,0.9859342575073242,10.124774932861328,0.6965219974517822,-7.729912281036377,0.6630584597587585,3.5084388256073,0.5382635593414307,-1.1985374689102173,0.6261789202690125,3.5987892150878906,0.6538774371147156,0.7506236433982849,0.5494112372398376,-1.3878183364868164,0.5466349124908447,-0.5945316553115845,0.4998083710670471,3.1797616481781006,0.5091961026191711,-0.3627777397632599,0.5148080587387085
v24,G80,8.0,4.0,50,AccRadial4507,0.13043822348117828,0.25227361111111113,0.8924302458763123,6.841784731950803,0.4148845672607422,5931.17858024141,1376.4302852773228,7042.933333333333,6352.666666666667,-72.73883056640625,1.8101762533187866,6.102200031280518,1.2938896417617798,-19.428651809692383,1.0011705160140991,12.072842597961426,0.7248571515083313,-7.2635955810546875,0.7686112523078918,1.6208863258361816,0.539351761341095,0.490535169839859,0.6946778297424316,3.0432825088500977,0.6344661712646484,-2.189232110977173,0.5801019072532654,1.5273799896240234,0.548477292060852,-1.55607271194458,0.5355480909347534,0.5847889184951782,0.48585328459739685,0.8814870715141296,0.5460599064826965
v24,G80,8.0,4.0,50,Mic147EB,0.19400222599506378,0.07478611111111111,0.8277451992034912,4.266678874213291,-0.16354131698608398,696.6493603360494,1907.9880991826867,800.9333333333333,100.4,-57.252620697021484,1.656469464302063,7.709573745727539,0.8538390398025513,0.7806069850921631,1.1552327871322632,4.27138614654541,0.6634582877159119,0.9075944423675537,0.6007364988327026,1.475321650505066,0.6569066047668457,0.1484689563512802,0.5634642243385315,2.2197954654693604,0.652494490146637,-0.5919897556304932,0.5664782524108887,2.1629087924957275,0.5985181927680969,-0.34713858366012573,0.5725246071815491,0.08893314003944397,0.5979050993919373,-0.6427608132362366,0.5605649948120117
v24,G80,8.0,4.0,50,Mic46BE,0.14285816252231598,0.08178194444444445,0.6954001188278198,4.867766087353887,-0.0663909912109375,1031.9255197438117,1810.193486785844,2199.733333333333,100.4,-62.62664794921875,1.4371522665023804,11.660103797912598,0.7652143239974976,-3.877615451812744,1.2280315160751343,6.446545600891113,0.7183851599693298,0.42926034331321716,0.6176247000694275,-0.2447323352098465,0.6139064431190491,0.8810474276542664,0.6580559015274048,2.212812900543213,0.72957843542099,-0.7104231715202332,0.5762448906898499,1.7165848016738892,0.6727784276008606,-0.6802768111228943,0.6772592067718506,-0.2563737630844116,0.6151240468025208,-0.40053221583366394,0.6030562520027161
v24,G80,8.0,4.0,60,AccAxial4507,0.03737075999379158,0.2263513888888889,0.3966461718082428,10.61381068712913,0.1637887954711914,5048.759044882205,2167.3235662057527,8002.2,4123.333333333333,-82.8801040649414,0.7637299299240112,5.907342910766602,0.7684693932533264,-18.17393684387207,0.6831852197647095,9.519866943359375,0.6154911518096924,-7.067291259765625,0.5983691215515137,3.1545403003692627,0.5647431015968323,-0.8785562515258789,0.5705066919326782,2.756840944290161,0.579814076423645,1.397477388381958,0.5744901299476624,-1.3725312948226929,0.5205984115600586,-0.35738489031791687,0.47176116704940796,2.2817347049713135,0.48258844017982483,-0.18264752626419067,0.4880084693431854
v24,G80,8.0,4.0,60,AccRadial4507,0.16419066488742828,0.2569708333333333,0.7772136926651001,4.7336046370113065,0.02650165557861328,6048.560606131106,1282.0825958099895,7032.599999999999,6437.466666666666,-70.62451934814453,0.647663950920105,5.654763698577881,0.7830150127410889,-20.056079864501953,0.6887022256851196,12.467611312866211,0.6615698933601379,-7.442287921905518,0.6015012860298157,1.789791464805603,0.5696302056312561,0.09619352966547012,0.5683327913284302,2.5222928524017334,0.5662514567375183,-2.1962780952453613,0.5284740328788757,2.000678300857544,0.5584478974342346,-1.5888293981552124,0.48538562655448914,0.4056083559989929,0.47639361023902893,0.6151174902915955,0.4697885513305664
v24,G80,8.0,4.0,60,Mic147EB,0.19913311302661896,0.09250416666666667,0.9551265835762024,4.796422699666864,-0.01582503318786621,912.9299473262437,2275.369549350049,1088.2,100.33333333333333,-54.86946105957031,0.7789987325668335,6.7337327003479,0.7954490780830383,-0.033249106258153915,0.652384877204895,4.654896259307861,0.6059384942054749,1.1819137334823608,0.5889256596565247,1.5132293701171875,0.519961416721344,-0.23000794649124146,0.5053187608718872,1.602780818939209,0.5359734892845154,-0.48548948764801025,0.4742504358291626,2.401423454284668,0.5169942378997803,-0.15171152353286743,0.5140246748924255,0.03729664906859398,0.4945542514324188,-0.6906298398971558,0.4854109585285187
v24,G80,8.0,4.0,60,Mic46BE,0.12695257365703583,0.09811944444444444,0.6328550577163696,4.984972257640373,-0.003947734832763672,1233.9761338744966,2083.6449533455752,3859.3333333333335,100.33333333333333,-62.167911529541016,0.8971446752548218,10.624563217163086,1.0630544424057007,-4.59408712387085,0.7632628083229065,6.8706583976745605,0.7533934712409973,1.0526198148727417,0.6325591802597046,-0.013322541490197182,0.5320392847061157,0.27622631192207336,0.5477945804595947,1.3624801635742188,0.5485116243362427,-0.6498645544052124,0.481913298368454,1.9739865064620972,0.5202513933181763,-0.29931631684303284,0.5701485872268677,-0.061529602855443954,0.5348069071769714,-0.5039483904838562,0.5402265787124634
v24,G80,8.0,4.0,70,AccAxial4507,0.06082054227590561,0.20939444444444444,1.0,16.44181328511692,0.7930302619934082,4615.070673309912,2132.303246411802,7369.933333333333,10.466666666666667,-76.69501495361328,1.7083715200424194,8.002485275268555,1.0993739366531372,-16.98714256286621,1.1644266843795776,10.316399574279785,0.7353817224502563,-6.994766712188721,0.7341887950897217,3.433175563812256,0.5819697976112366,-0.7391906976699829,0.5898184776306152,4.112344741821289,0.6568334102630615,0.8268072009086609,0.6225837469100952,-1.4295289516448975,0.5490880608558655,-0.5067359209060669,0.49740543961524963,3.3617546558380127,0.5111706256866455,0.0673503428697586,0.5055810213088989
v24,G80,8.0,4.0,70,AccRadial4507,0.11520744115114212,0.25006388888888886,0.6583331227302551,5.714328138462684,0.46576404571533203,5836.565867717107,1477.9734554829877,7006.866666666667,6268.4,-73.35875701904297,1.9311703443527222,7.145033359527588,1.3368700742721558,-18.4103946685791,1.192309856414795,12.271927833557129,0.7302525043487549,-6.681526184082031,0.6766949892044067,1.8567684888839722,0.5810075402259827,0.9911523461341858,0.5961512923240662,3.4805679321289062,0.6311069130897522,-2.037468194961548,0.6803378462791443,1.8476067781448364,0.6776306629180908,-1.3175842761993408,0.5987498164176941,0.8124632239341736,0.512313723564148,1.1910697221755981,0.47001898288726807
v24,G80,8.0,4.0,70,Mic147EB,0.1700403094291687,0.07138194444444444,0.7332265973091125,4.312075176589481,-0.15929794311523438,594.543428590301,1876.3254052582074,432.46666666666664,100.33333333333333,-59.66569900512695,0.9364768862724304,7.660768032073975,0.7268147468566895,1.5103999376296997,0.8706223964691162,4.20863151550293,0.5968814492225647,0.7962265610694885,0.6230466365814209,1.650457501411438,0.550326406955719,0.21505999565124512,0.5623605847358704,2.398765802383423,0.5499087572097778,-0.8054041266441345,0.5009167790412903,2.321751356124878,0.5105099081993103,-0.4407961666584015,0.5165031552314758,0.2843073606491089,0.6374409794807434,-0.5314533114433289,0.453948438167572
v24,G80,8.0,4.0,70,Mic46BE,0.12626785039901733,0.07901805555555555,0.614928126335144,4.8700292623333485,-0.11382651329040527,877.2491899499034,1809.9842925929927,1262.2666666666667,100.33333333333333,-64.2726821899414,0.8574768304824829,11.282659530639648,0.8793041706085205,-3.124545097351074,0.8241956233978271,6.6531662940979,0.6930867433547974,0.3590364158153534,0.5884752869606018,-0.05181056633591652,0.4989446699619293,0.7529974579811096,0.55592280626297,2.075075387954712,0.5467491745948792,-0.8878808617591858,0.5099796056747437,1.9634032249450684,0.6045470833778381,-0.5151857733726501,0.5291182994842529,0.0554162859916687,0.5354194045066833,-0.21032609045505524,0.5045557618141174
v24,G80,8.0,5.5,0,AccAxial4507,0.07050106674432755,0.09757777777777778,1.0,14.184182540478497,6.314875602722168,5066.72246629217,2320.6133301386694,8031.333333333333,4776.2,-110.1854019165039,30.61272430419922,7.768580436706543,5.4178619384765625,-5.047793865203857,9.586247444152832,4.470642566680908,3.7258293628692627,-1.4387742280960083,4.991025447845459,2.629926919937134,1.1961512565612793,1.010021686553955,2.095202684402466,2.6854774951934814,1.6931397914886475,-0.2663235366344452,1.0880568027496338,-1.0138756036758423,1.2785807847976685,0.2203749567270279,1.2888325452804565,3.1084418296813965,0.9981131553649902,0.34347426891326904,1.3383828401565552
v24,G80,8.0,5.5,0,AccRadial4507,0.09726616740226746,0.1128875,0.7628295421600342,7.842701758826072,5.756845474243164,6108.146940809768,1301.6602901093,7117.133333333333,6692.133333333333,-110.13203430175781,30.1809024810791,7.55368185043335,6.113570213317871,-5.781518936157227,9.637626647949219,4.282098293304443,5.0812458992004395,-1.3463069200515747,4.653374195098877,2.081099271774292,0.996408998966217,1.4721652269363403,1.5771172046661377,1.5708000659942627,1.5230939388275146,-2.363525390625,1.5543498992919922,-0.4260843098163605,2.346813917160034,-0.6038827300071716,1.2930725812911987,1.727197289466858,1.2113535404205322,1.7827476263046265,1.5637962818145752
v24,G80,8.0,5.5,0,Mic147EB,0.12892396748065948,0.06860833333333333,1.0,7.756509666443634,3.896402359008789,2125.972240582562,2919.7695453527617,4199.0,99.53333333333333,-72.1453628540039,15.336843490600586,13.94815731048584,7.47989559173584,-0.37502115964889526,1.9409853219985962,3.2310736179351807,0.9255321025848389,0.5789769291877747,1.3252997398376465,1.232542872428894,0.7530375123023987,-0.5328121781349182,0.8635143041610718,1.1845903396606445,0.6543193459510803,-0.6008059978485107,0.6864065527915955,0.994376540184021,0.7205523252487183,-0.565778374671936,0.5965679287910461,0.6405744552612305,0.6471567153930664,-0.550040066242218,0.6204359531402588
v24,G80,8.0,5.5,0,Mic46BE,0.11196009069681168,0.06844027777777778,1.0,8.931754107881206,4.444558620452881,2514.3209655208434,2141.4392536347386,4735.466666666666,99.53333333333333,-77.62216186523438,15.117653846740723,18.104961395263672,7.28178596496582,-5.21757173538208,2.0478663444519043,5.877028942108154,1.1700160503387451,0.5949903726577759,1.1421468257904053,-0.20823588967323303,0.8403486013412476,-0.2558348476886749,0.8404749035835266,0.9155599474906921,0.6887196898460388,-0.7911776900291443,0.6597834229469299,0.43519914150238037,0.7079593539237976,-0.5500192046165466,0.5643620491027832,0.4636543095111847,0.662654459476471,-0.2273310124874115,0.6103248000144958
v24,G80,8.0,5.5,100,AccAxial4507,0.0733642727136612,0.21450972222222223,0.9374209046363831,12.777621449272889,0.5845897197723389,4534.4357805947075,2494.893068580553,7967.733333333334,18.733333333333334,-71.54441833496094,1.3462650775909424,9.782066345214844,1.5835111141204834,-13.998520851135254,1.0835493803024292,10.542058944702148,0.7543060779571533,-7.786624431610107,0.8088012933731079,3.2450110912323,0.6185486912727356,-1.505305528640747,0.5557537078857422,3.636003017425537,0.582095742225647,-0.7507646679878235,0.6441553235054016,-1.7046421766281128,0.5331136584281921,-1.0189028978347778,0.5241890549659729,3.437319755554199,0.49605634808540344,-0.5065739750862122,0.44699627161026
v24,G80,8.0,5.5,100,AccRadial4507,0.08245114237070084,0.24898055555555557,0.5136907696723938,6.230244419935833,0.16408109664916992,5771.755781610493,1573.2970540831047,6939.466666666666,18.733333333333334,-75.49993133544922,1.5228885412216187,8.121532440185547,1.684295415878296,-15.968883514404297,1.1223788261413574,11.698781967163086,0.8057498931884766,-6.500558853149414,0.6526361107826233,1.2166236639022827,0.5539494752883911,1.1091352701187134,0.5744146108627319,3.0547921657562256,0.6623086929321289,-3.3002126216888428,0.7535543441772461,1.770443320274353,0.6160176992416382,-1.5834087133407593,0.6141071915626526,0.3103470802307129,0.5911093950271606,0.6684596538543701,0.4642307460308075
v24,G80,8.0,5.5,100,Mic147EB,0.19597098231315613,0.06307361111111111,0.7467139959335327,3.810329402443392,-0.3619265556335449,513.4590883189792,1754.8932885129966,260.8666666666667,100.53333333333333,-59.61368179321289,0.9579611420631409,7.517528057098389,0.534670352935791,2.360290288925171,0.9437302947044373,4.351400852203369,0.7379049062728882,1.1961016654968262,0.6367547512054443,1.5992296934127808,0.5394790768623352,0.07970622181892395,0.5918306708335876,2.0060038566589355,0.5063108801841736,-0.6169571876525879,0.6295791864395142,2.930765390396118,0.7356196641921997,-0.5264370441436768,0.49944236874580383,0.3983364999294281,0.5230433344841003,0.17222069203853607,0.5413969159126282
v24,G80,8.0,5.5,100,Mic46BE,0.13958477973937988,0.06947361111111111,0.5855887532234192,4.195219237489773,-0.26045727729797363,700.3116411254364,1651.3921366409256,784.8,100.53333333333333,-64.58406829833984,0.8158345818519592,11.103554725646973,0.5535208582878113,-2.322937488555908,0.8721649646759033,7.000213623046875,0.7561907172203064,0.6409673690795898,0.5669451951980591,0.14602214097976685,0.5649629831314087,0.46149584650993347,0.6040721535682678,1.7967952489852905,0.49938568472862244,-0.5720575451850891,0.6219097375869751,2.418154001235962,0.8790292739868164,-0.5450339317321777,0.5158623456954956,0.22914022207260132,0.5745958685874939,0.020646506920456886,0.5914968848228455
v24,G80,8.0,5.5,30,AccAxial4507,0.06647869944572449,0.22054027777777777,0.7641698718070984,11.494958207342686,1.0580196380615234,5318.675425579754,2135.7463728119615,8074.933333333333,4840.066666666667,-80.66232299804688,16.618688583374023,1.9183876514434814,2.7670376300811768,-15.364083290100098,4.971681594848633,8.156817436218262,2.340129852294922,-6.9307708740234375,2.3370981216430664,3.327495813369751,0.7884290218353271,-1.0965241193771362,1.0514017343521118,4.341876983642578,1.3494820594787598,-1.0406314134597778,0.6133986115455627,-0.7674170136451721,0.5889236330986023,-0.8072367310523987,0.6883558034896851,3.436434745788574,0.7254775166511536,-0.9889044165611267,0.7406657934188843
v24,G80,8.0,5.5,30,AccRadial4507,0.16406555473804474,0.245725,1.0,6.095124607944976,0.391054630279541,6214.718125882627,1217.8208788547402,7139.333333333333,6536.733333333334,-74.89026641845703,17.117534637451172,0.8417476415634155,3.3307557106018066,-16.534103393554688,4.940999507904053,9.713560104370117,3.090690851211548,-6.933155536651611,2.403442859649658,1.9661388397216797,0.6459667682647705,-0.13158684968948364,0.8913763761520386,2.8944175243377686,1.109067678451538,-3.8893189430236816,0.6662994027137756,1.9909546375274658,1.4704065322875977,-1.82367742061615,0.7112337946891785,0.653277575969696,0.6954437494277954,0.2032201886177063,0.8718363642692566
v24,G80,8.0,5.5,30,Mic147EB,0.1895589530467987,0.1578263888888889,1.0,5.27540368801846,0.2853860855102539,2640.549244326643,3629.3334794653124,5431.066666666667,99.26666666666667,-52.7197265625,8.465408325195312,4.539577960968018,4.4336161613464355,-1.305344820022583,1.1704975366592407,3.757692575454712,0.6716200709342957,1.1708227396011353,1.0831738710403442,1.0655704736709595,0.6124017238616943,-0.48226121068000793,0.8867888450622559,1.8582767248153687,0.8080521821975708,-0.5813699960708618,0.5939629077911377,1.3408255577087402,0.5086419582366943,-0.5797135829925537,0.602476954460144,0.5880212783813477,0.7229527235031128,-0.6553029417991638,0.6264476180076599
v24,G80,8.0,5.5,30,Mic46BE,0.16597256064414978,0.14053194444444445,1.0,6.025092317181455,0.5979430675506592,2833.8634096296673,2337.190150913294,5175.8,48.8,-58.832435607910156,8.272717475891113,8.967942237854004,4.203481197357178,-6.666419982910156,1.3349521160125732,6.919163703918457,0.7640783786773682,1.1683917045593262,0.9280611276626587,0.06443686038255692,0.6161759495735168,-0.32576411962509155,0.8878909349441528,1.6654410362243652,0.9034022092819214,-0.8751983642578125,0.6651734709739685,0.7323806285858154,0.560083270072937,-0.7765216827392578,0.5461074113845825,0.6037638187408447,0.6345106363296509,-0.28054726123809814,0.7144407033920288
v24,G80,8.0,5.5,40,AccAxial4507,0.02097594551742077,0.23057222222222223,0.13893796503543854,6.623680678425148,0.12482333183288574,5271.685981080531,2044.1331245354772,8041.133333333333,4844.8,-91.41104125976562,1.549564242362976,2.2476279735565186,1.4944753646850586,-17.115436553955078,0.8027607202529907,8.621440887451172,0.5885899662971497,-6.8519287109375,0.6055550575256348,2.309959650039673,0.6655758619308472,-0.3395809233188629,0.6718766689300537,3.405580759048462,0.6002992391586304,0.7851939797401428,0.898966372013092,-2.1663777828216553,0.5942472815513611,-0.0008037740481086075,0.5100089311599731,2.9112749099731445,0.4847014546394348,-0.29822662472724915,0.4958643615245819
v24,G80,8.0,5.5,40,AccRadial4507,0.15059779584407806,0.2589416666666667,0.842142641544342,5.5919984540561085,0.27668261528015137,6141.225978201663,1252.0236409953834,7147.666666666667,7014.8,-71.79851531982422,1.5817795991897583,2.200688362121582,1.8155243396759033,-19.183055877685547,1.0271271467208862,11.331002235412598,0.6969617009162903,-7.574563503265381,0.6231204867362976,1.7609235048294067,0.6230530738830566,0.047572072595357895,0.6000319123268127,2.888733386993408,0.4953760504722595,-2.926257371902466,0.7462778091430664,1.762778878211975,0.628322184085846,-1.6147693395614624,0.47520795464515686,0.6168093085289001,0.488398939371109,0.1985294371843338,0.4609951972961426
v24,G80,8.0,5.5,40,Mic147EB,0.17879308760166168,0.13295694444444445,1.0,5.593057390607455,0.23548674583435059,1974.9541336877912,3119.4297332004685,4390.2,99.4,-53.547584533691406,2.2759437561035156,4.962047576904297,1.3778702020645142,-1.2742782831192017,0.7606365084648132,3.9907517433166504,0.5635375380516052,1.0209614038467407,0.7164615392684937,1.1473686695098877,0.5920546054840088,-0.17277811467647552,0.7316223382949829,2.505998373031616,0.7564305663108826,-0.2081693559885025,0.5432645082473755,1.6643290519714355,0.5284927487373352,-0.8883108496665955,0.5935747027397156,0.1435953974723816,0.666649580001831,-0.5558955669403076,0.5856119394302368
v24,G80,8.0,5.5,40,Mic46BE,0.16073612868785858,0.127275,0.9888886213302612,6.152248591544922,0.6216597557067871,2307.115867101827,2310.274126248592,4854.0,99.4,-58.199241638183594,2.037709951400757,8.996407508850098,0.9725503325462341,-6.270755290985107,0.971319317817688,6.792547225952148,0.613896369934082,0.9139634966850281,0.6774539351463318,-0.009833910502493382,0.5780882835388184,0.17493057250976562,0.7855243682861328,2.2825570106506348,0.7641890645027161,-0.30538931488990784,0.5780720114707947,1.0753262042999268,0.5067256689071655,-1.0387279987335205,0.567733108997345,0.18637381494045258,0.6585365533828735,-0.4013432264328003,0.624786913394928
v24,G80,8.0,5.5,50,AccAxial4507,0.03813773766160011,0.22623055555555555,0.4051542282104492,10.623446828582818,0.05504584312438965,5116.979224542236,1991.161186638805,7930.666666666667,4848.466666666666,-83.91749572753906,1.0330108404159546,4.0635905265808105,1.1442369222640991,-17.37627601623535,0.9623521566390991,9.598008155822754,0.7312936186790466,-7.148941516876221,0.6060985922813416,2.8772411346435547,0.5025452375411987,-0.8144525289535522,0.5286216139793396,3.706730604171753,0.5332422852516174,0.5365952849388123,0.6391090154647827,-2.1874372959136963,0.5841875076293945,-0.3243807554244995,0.5506115555763245,3.1167821884155273,0.5407045483589172,-0.3673335909843445,0.4503815472126007
v24,G80,8.0,5.5,50,AccRadial4507,0.05143311992287636,0.25677916666666667,1.0,19.442724872601424,0.8563601970672607,6037.172887373474,1307.0981639930767,7088.0,6382.666666666667,-84.18531799316406,1.4838743209838867,3.0947012901306152,1.7182763814926147,-18.1767635345459,1.379673719406128,11.308775901794434,0.9697467088699341,-6.5922627449035645,0.6426799893379211,0.9610313773155212,0.4954177141189575,0.5198773145675659,0.5930798053741455,2.0325825214385986,0.7396194338798523,-2.497354745864868,0.786011815071106,0.8293453454971313,0.6765594482421875,-1.415818691253662,0.6630330681800842,0.054362859576940536,0.5431750416755676,0.647005558013916,0.46882060170173645
v24,G80,8.0,5.5,50,Mic147EB,0.15778815746307373,0.12042777777777777,0.7251192331314087,4.595523800961452,-0.013374805450439453,1474.9280824186776,2768.412685085157,3547.6,99.86666666666666,-55.679752349853516,0.6766619086265564,5.538171768188477,0.5759074687957764,-0.9685304760932922,0.5059004426002502,4.168684482574463,0.5397549867630005,0.979417622089386,0.550502598285675,1.1921285390853882,0.5079932808876038,0.0035387983079999685,0.5388275980949402,2.6524887084960938,0.6137985587120056,-0.3636023998260498,0.6383853554725647,1.8033814430236816,0.48931825160980225,-0.9009720087051392,0.5509588122367859,-0.030654169619083405,0.6067662835121155,-0.525616466999054,0.485361248254776
v24,G80,8.0,5.5,50,Mic46BE,0.09810664504766464,0.11441111111111112,0.4718829095363617,4.809897528420217,-0.021612167358398438,1750.069185934456,2198.957779430615,4524.0,99.86666666666666,-64.31857299804688,0.6972277164459229,9.424942970275879,0.5725750923156738,-5.692787170410156,0.4986952841281891,6.5214152336120605,0.548639178276062,0.8757457137107849,0.5979077219963074,-0.01013131532818079,0.5604803562164307,0.29367193579673767,0.5581855773925781,2.5209968090057373,0.6445094347000122,-0.1423744112253189,0.6273967623710632,1.1445181369781494,0.47641175985336304,-1.0295958518981934,0.5450068712234497,0.060890913009643555,0.661788284778595,-0.5541436672210693,0.5119333863258362
v24,G80,8.0,5.5,60,AccAxial4507,0.07178044319152832,0.21214305555555554,0.6678957343101501,9.304703406860222,0.12849760055541992,4838.227777249566,1743.0750419842034,6688.2,4199.666666666667,-77.5135726928711,0.8464106321334839,5.258082866668701,1.2611364126205444,-17.584314346313477,1.1077474355697632,10.618634223937988,0.7461811304092407,-6.717346668243408,0.7381922602653503,3.2881555557250977,0.5121592879295349,-1.3737972974777222,0.5556493401527405,4.652233600616455,0.633708655834198,0.8335399627685547,0.6420361995697021,-1.942742109298706,0.5386771559715271,-0.5277535915374756,0.5248164534568787,3.740561008453369,0.5160915851593018,-0.2991940379142761,0.48528510332107544
v24,G80,8.0,5.5,60,AccRadial4507,0.128340482711792,0.24846944444444444,0.635250985622406,4.949731933367887,0.07897114753723145,5847.721663061787,1333.5420687637402,7016.599999999999,6475.333333333333,-73.290283203125,1.026888132095337,4.531368732452393,1.4957736730575562,-19.024232864379883,1.2349481582641602,12.559305191040039,0.8657088875770569,-6.288581371307373,0.7696111798286438,1.5296027660369873,0.5527166724205017,0.09322276711463928,0.610267162322998,3.5656516551971436,0.7542479038238525,-2.3165650367736816,0.766822338104248,1.4130935668945312,0.6453782916069031,-1.7385836839675903,0.6117171049118042,1.019239902496338,0.5248703360557556,0.7230996489524841,0.4590129852294922
v24,G80,8.0,5.5,60,Mic147EB,0.16066382825374603,0.107425,0.7367622256278992,4.585738019788041,-0.08482170104980469,1181.1970766551913,2621.6114865269474,2284.5333333333333,48.733333333333334,-56.532958984375,1.0365859270095825,5.890484809875488,0.6589608192443848,0.024111097678542137,0.756376326084137,4.2557902336120605,0.5260681509971619,1.0180103778839111,0.5097388625144958,1.0412451028823853,0.5250657796859741,-0.21464616060256958,0.5144811272621155,2.6203222274780273,0.620189368724823,-0.009550831280648708,0.6899476647377014,2.2101876735687256,0.5084457397460938,-0.8952287435531616,0.5205620527267456,0.1138913705945015,0.5880789756774902,-0.5260254740715027,0.4964836537837982
v24,G80,8.0,5.5,60,Mic46BE,0.12455835938453674,0.10675277777777778,0.5654159784317017,4.539365974515999,-0.033676862716674805,1465.3371194930878,2225.4520731293114,4339.666666666667,48.733333333333334,-61.61628723144531,0.9515572786331177,9.429694175720215,0.5557964444160461,-4.537951469421387,0.6895281672477722,6.997167587280273,0.5462995767593384,1.0003485679626465,0.48514479398727417,-0.15917609632015228,0.48536625504493713,0.13350047171115875,0.549399733543396,2.0599172115325928,0.5549770593643188,-0.27393651008605957,0.6250947117805481,1.551169991493225,0.6221239566802979,-0.9243481159210205,0.4815545678138733,0.33180752396583557,0.5615100264549255,-0.3363664150238037,0.5342533588409424
v24,G80,8.0,5.5,70,AccAxial4507,0.0646355003118515,0.21170277777777777,1.0,15.47137401544397,1.190103530883789,4689.268298132852,1976.9913103528231,6941.533333333333,4582.4,-76.04035186767578,1.2244468927383423,7.923192024230957,1.584714412689209,-15.581365585327148,1.4642150402069092,10.68642807006836,0.700791597366333,-6.675603866577148,0.7385947108268738,3.2827017307281494,0.5841754078865051,-1.0586684942245483,0.6005464792251587,4.211839199066162,0.7406101226806641,0.060212623327970505,0.8551088571548462,-1.7640172243118286,0.5303512215614319,-0.6356419920921326,0.5286559462547302,3.4481279850006104,0.5993804931640625,-0.39727842807769775,0.4562619924545288
v24,G80,8.0,5.5,70,AccRadial4507,0.13491466641426086,0.2487611111111111,0.9079035520553589,6.729465195930625,0.31084609031677246,5795.270581104489,1411.7532549899727,6970.466666666666,6374.066666666667,-71.20099639892578,1.380669116973877,6.562761306762695,1.3923975229263306,-17.891921997070312,1.0805182456970215,12.126893043518066,0.7506428360939026,-6.3354573249816895,0.6996236443519592,1.7052397727966309,0.570617139339447,0.7852060198783875,0.6192129254341125,3.7240025997161865,0.6347628831863403,-2.812020778656006,0.7087547183036804,2.153183698654175,0.6371991038322449,-1.5979163646697998,0.5297877788543701,0.8614582419395447,0.5880358219146729,0.4661114513874054,0.48388803005218506
v24,G80,8.0,5.5,70,Mic147EB,0.16258671879768372,0.07061111111111111,0.627329409122467,3.8584296045920587,-0.42679834365844727,638.0402146163841,2022.5818295798654,409.4,100.0,-60.24123764038086,1.188751459121704,6.5216145515441895,0.5326730608940125,1.7307661771774292,0.9248156547546387,4.275537490844727,0.6572114825248718,1.7932568788528442,0.5790892839431763,1.5028339624404907,0.503733217716217,-0.07377533614635468,0.5746952891349792,2.1071181297302246,0.6355779767036438,-0.28162863850593567,0.5256615877151489,2.691277503967285,0.7313289642333984,-0.5353909134864807,0.4979139566421509,0.49486082792282104,0.5412614941596985,-0.12753550708293915,0.5083087086677551
v24,G80,8.0,5.5,70,Mic46BE,0.13810506463050842,0.08385833333333333,0.5539836883544922,4.011320582895648,-0.29352283477783203,972.5068001989608,1960.6349853805411,2047.1333333333332,100.0,-62.92578125,1.0332257747650146,9.866863250732422,0.555693507194519,-2.997699499130249,0.8572508692741394,6.93621826171875,0.7108415365219116,1.2196983098983765,0.5539824962615967,-0.03144329413771629,0.5172417759895325,0.644639790058136,0.5331385135650635,1.9376730918884277,0.6311328411102295,-0.46192124485969543,0.5504779815673828,2.3371400833129883,0.7520192265510559,-0.6336989998817444,0.49656403064727783,0.14113272726535797,0.5862904191017151,-0.20284698903560638,0.5050230026245117
v24,G80,8.0,5.0,0,AccAxial4507,0.16087643802165985,0.23139722222222223,0.8292500376701355,5.154577313294866,0.12410521507263184,5258.215024086171,2118.990231762096,8039.733333333334,4826.666666666667,-65.04801177978516,2.073561191558838,3.5997190475463867,1.3863565921783447,-17.65892791748047,1.1189895868301392,9.282184600830078,0.6874338984489441,-8.116130828857422,0.5491182804107666,3.4716575145721436,0.5431351065635681,-1.7069472074508667,0.5390146970748901,4.5972795486450195,0.755910336971283,-0.6847646832466125,0.8182350993156433,-0.5716942548751831,0.650072455406189,-1.228836178779602,0.5318240523338318,3.8353271484375,0.5034125447273254,-1.345740795135498,0.5530887246131897
v24,G80,8.0,5.0,0,AccRadial4507,0.18841363489627838,0.25987777777777776,0.9555251598358154,5.071422566428548,0.21202778816223145,6157.099369010015,1293.0963694847308,7167.266666666666,6390.866666666667,-67.6263427734375,2.123638391494751,2.049868583679199,1.5008435249328613,-18.204313278198242,1.2427334785461426,10.720072746276855,0.6619912385940552,-7.7552876472473145,0.5741047263145447,1.6958160400390625,0.5816052556037903,-0.26831069588661194,0.5308834314346313,3.0391199588775635,0.539639413356781,-3.1881134510040283,0.7468047738075256,2.0754764080047607,0.7431745529174805,-2.042766571044922,0.4863183796405792,0.6611772775650024,0.47017061710357666,0.15848082304000854,0.47411686182022095
v24,G80,8.0,5.0,0,Mic147EB,0.1955959051847458,0.1404763888888889,1.0,5.1125814676716885,0.21902847290039062,1984.9472108449238,2982.223115607938,4212.6,100.0,-52.917049407958984,1.833680272102356,4.310072422027588,1.2089388370513916,-1.7532347440719604,0.9451281428337097,3.919654130935669,0.6763799786567688,1.423505425453186,0.734790563583374,1.7875937223434448,0.8782347440719604,0.12468221038579941,1.2109293937683105,2.3636858463287354,0.9539611339569092,-0.3335667550563812,0.7144729495048523,1.2468520402908325,0.904153048992157,-0.5713170766830444,0.6247134208679199,0.6929783225059509,0.8085273504257202,-0.4497235417366028,1.0894598960876465
v24,G80,8.0,5.0,0,Mic46BE,0.20009873807430267,0.13250138888888888,0.9539331197738647,4.767312022825655,0.011609315872192383,2294.858029828984,2320.2941192292465,4969.066666666667,100.0,-55.39990234375,1.7725415229797363,8.999321937561035,0.7885000705718994,-6.878056526184082,0.7690163254737854,6.994462490081787,0.7427329421043396,1.154794692993164,0.7109964489936829,0.35602515935897827,0.8474889993667603,0.13296647369861603,1.1437760591506958,1.8439273834228516,0.8626609444618225,-0.8278478980064392,0.6469020843505859,0.791883647441864,0.804250180721283,-0.6926426887512207,0.5844255685806274,0.6699997782707214,0.7247462272644043,0.01897241920232773,0.8162910342216492
v24,G80,8.0,5.0,100,AccAxial4507,0.04379994049668312,0.21326805555555556,0.49796998500823975,11.369193185227044,0.6920192241668701,4768.610795131689,2107.354814770748,7595.933333333333,4040.133333333333,-80.91348266601562,1.6241247653961182,6.776665210723877,1.5339215993881226,-16.269775390625,1.471612572669983,9.909737586975098,0.7866713404655457,-6.687509536743164,0.7895474433898926,3.143714666366577,0.594083309173584,-0.7297046184539795,0.7253832221031189,3.960355520248413,0.615085780620575,0.7385139465332031,0.7387935519218445,-1.6774555444717407,0.5370446443557739,-0.4333338737487793,0.5470374822616577,3.3284196853637695,0.5171459913253784,-0.019086100161075592,0.519119918346405
v24,G80,8.0,5.0,100,AccRadial4507,0.16109530627727509,0.2505013888888889,0.9933714270591736,6.166358598613643,0.5795650482177734,5856.400696234913,1455.5778869139021,7035.333333333333,6399.733333333334,-69.1163330078125,2.059553623199463,6.164616584777832,1.677838921546936,-18.359071731567383,1.276869297027588,12.080893516540527,0.8433588147163391,-6.72555685043335,0.8287610411643982,2.0904958248138428,0.6032726168632507,0.4893176257610321,0.835350751876831,3.7896804809570312,0.7564414143562317,-2.5618948936462402,0.7119019031524658,2.063060760498047,0.7181982398033142,-1.7695927619934082,0.6737015247344971,0.9669064879417419,0.5527119636535645,0.641575276851654,0.5485454797744751
v24,G80,8.0,5.0,100,Mic147EB,0.17976045608520508,0.0903,0.8858652710914612,4.928031950873377,-0.14936137199401855,1009.0910875511579,2327.978023513878,1669.2,100.33333333333333,-57.73152160644531,1.9433120489120483,6.358060836791992,0.6842032670974731,1.497530460357666,1.906010627746582,3.916135311126709,0.7066401243209839,0.7206270098686218,0.7712833881378174,1.7033101320266724,0.6482804417610168,-0.04670687019824982,0.9263352751731873,2.401980400085449,0.7361028790473938,-0.5464107394218445,0.7185247540473938,2.1904122829437256,0.9447743892669678,-0.7832800149917603,0.6214689016342163,0.460409939289093,0.669501781463623,0.17267674207687378,0.8578278422355652
v24,G80,8.0,5.0,100,Mic46BE,0.15197834372520447,0.09093888888888889,0.8900638222694397,5.85651745145206,0.032362937927246094,1283.823809809336,2032.2223439367287,3138.0,100.33333333333333,-61.0334358215332,1.7294780015945435,9.673779487609863,0.6582372784614563,-3.3102660179138184,1.823063611984253,6.711530685424805,0.8246374726295471,0.6185163855552673,0.759936511516571,0.32707545161247253,0.652118980884552,0.46902430057525635,0.7722432613372803,2.04197096824646,0.7193417549133301,-0.7811229228973389,0.7210773825645447,1.7823777198791504,1.0537241697311401,-0.8009071946144104,0.5805090069770813,0.37915703654289246,0.7549994587898254,0.23957182466983795,0.8059128522872925
v24,G80,8.0,5.0,30,AccAxial4507,0.0710935890674591,0.22995694444444445,0.5824267268180847,8.192394482509993,0.0545041561126709,5191.690531943991,2101.6088046616906,7986.4,4761.733333333334,-74.98001861572266,0.930582582950592,3.4955368041992188,1.2755486965179443,-17.133241653442383,0.870582640171051,9.01070785522461,0.6889768242835999,-7.713367938995361,0.6131374835968018,2.8892781734466553,0.5366145372390747,-1.2179383039474487,0.5669122934341431,4.136598587036133,0.6171767115592957,-0.44565728306770325,0.6186680793762207,-1.091295838356018,0.5769705772399902,-1.0334968566894531,0.4970742464065552,3.551320791244507,0.4774816930294037,-1.1065809726715088,0.44144561886787415
v24,G80,8.0,5.0,30,AccRadial4507,0.16570304334163666,0.26012083333333336,0.8712308406829834,5.257784184969564,0.042612552642822266,6150.969924006346,1242.2478946525955,7131.466666666666,6586.4,-69.53963470458984,1.061869502067566,2.4749863147735596,1.4974923133850098,-18.025590896606445,1.0583722591400146,10.91927433013916,0.8553191423416138,-7.512479782104492,0.6510301232337952,1.2822052240371704,0.5559300780296326,0.06353164464235306,0.5534306764602661,2.7614972591400146,0.6621673703193665,-3.373366594314575,0.6695943474769592,1.8605773448944092,0.6560612320899963,-2.187330484390259,0.5585929751396179,0.5744312405586243,0.5401495099067688,0.008448120206594467,0.4314287304878235
v24,G80,8.0,5.0,30,Mic147EB,0.1664307862520218,0.14180833333333334,0.7524035573005676,4.520819580586626,-0.005095958709716797,1932.372268967617,3264.491742357344,4626.066666666667,99.86666666666666,-53.593788146972656,1.0209943056106567,4.246477127075195,0.7369111180305481,-1.2738229036331177,0.5393607020378113,4.19920015335083,0.5817855000495911,1.4664379358291626,0.5300119519233704,1.415459394454956,0.5987077355384827,-0.02873871475458145,0.6219073534011841,2.2690329551696777,0.539788007736206,-0.4656040370464325,0.6407099962234497,1.481528401374817,0.6478533148765564,-0.5049834847450256,0.49679243564605713,0.6739169955253601,0.547390341758728,-0.7975372076034546,0.5923062562942505
v24,G80,8.0,5.0,30,Mic46BE,0.12835916876792908,0.13216944444444445,0.6220444440841675,4.846123966483547,0.010901212692260742,2231.7276057530457,2389.0644766851947,5012.466666666666,99.86666666666666,-60.259498596191406,0.9165895581245422,9.079947471618652,0.7438212633132935,-6.577032566070557,0.545708179473877,6.9196929931640625,0.6179362535476685,0.8874622583389282,0.6228142380714417,0.1463574320077896,0.6109803915023804,0.3082258999347687,0.533683180809021,2.354041814804077,0.6339362263679504,-0.5384709239006042,0.7532095909118652,0.9432241320610046,0.5894457101821899,-0.7901155352592468,0.5439684987068176,0.43521448969841003,0.6730446815490723,-0.58718341588974,0.6250772476196289
v24,G80,8.0,5.0,40,AccAxial4507,0.046791911125183105,0.21486666666666668,0.5891258120536804,12.590334480623868,1.4093866348266602,5153.985936960343,2189.207003929186,8060.933333333333,4696.066666666667,-85.01677703857422,15.637847900390625,4.069054126739502,2.3786158561706543,-16.169137954711914,5.282731533050537,8.526412963867188,2.448139190673828,-6.932574272155762,2.357670545578003,2.9366302490234375,0.6998773813247681,-0.972670316696167,1.0217211246490479,3.446120500564575,1.0723859071731567,0.2550741136074066,0.9750111699104309,-1.4400501251220703,0.6122695803642273,-0.5544992685317993,0.6779805421829224,3.0721914768218994,0.6257568597793579,-0.3276955783367157,0.6959028244018555
v24,G80,8.0,5.0,40,AccRadial4507,0.1490793526172638,0.24366805555555557,1.0,6.707837017291939,0.6676750183105469,6158.4681718476195,1247.6187769989076,7122.733333333334,6450.666666666667,-76.35773468017578,16.521148681640625,3.574648141860962,2.8966164588928223,-17.69462776184082,5.291069984436035,10.490405082702637,3.342949390411377,-7.063442707061768,2.406876564025879,1.6344479322433472,0.5829289555549622,0.05815213546156883,0.8747281432151794,2.649477481842041,1.045218825340271,-2.890305519104004,0.7996475100517273,1.4709728956222534,1.340111255645752,-1.8322399854660034,0.7113120555877686,0.5512123107910156,0.6642979979515076,0.6929517388343811,0.7580376267433167
v24,G80,8.0,5.0,40,Mic147EB,0.16383767127990723,0.11615972222222222,1.0,6.103602377816745,0.48630452156066895,1813.0952671851187,2826.4013916460067,3691.6,99.4,-57.2172966003418,8.263529777526855,6.41526460647583,4.122579097747803,-1.2051924467086792,1.2102116346359253,4.164618015289307,0.7135235667228699,1.2551780939102173,0.860846996307373,1.469391942024231,0.6507317423820496,-0.33991488814353943,0.844614565372467,1.9207770824432373,0.8041031360626221,-0.4763128459453583,0.6652655601501465,1.4646292924880981,0.7793609499931335,-0.6743541955947876,0.5801838040351868,0.48108717799186707,0.6215665936470032,-0.25304073095321655,0.7346814274787903
v24,G80,8.0,5.0,40,Mic46BE,0.13538619875907898,0.11316111111111112,1.0,7.3862772510476455,1.245389461517334,2218.743208824103,2181.4790174559275,4525.733333333334,99.4,-62.96658706665039,8.036919593811035,10.432482719421387,4.016071796417236,-6.008011341094971,1.367112159729004,6.769151210784912,0.7663763761520386,1.1281650066375732,0.7883591055870056,0.2557390034198761,0.6692159175872803,0.0077618141658604145,0.8565453886985779,1.722476840019226,0.7937924265861511,-0.6418445706367493,0.7253766655921936,0.9084208011627197,0.7939371466636658,-0.8171360492706299,0.6186043620109558,0.46445560455322266,0.6903444528579712,-0.026307864114642143,0.7838544249534607
v24,G80,8.0,5.0,50,AccAxial4507,0.03421492874622345,0.2151361111111111,1.0,29.22700811149219,4.685580253601074,4816.191888943339,1983.3437077794797,7472.066666666667,4344.933333333333,-84.4022445678711,1.2068954706192017,5.617745399475098,1.2956866025924683,-16.972389221191406,0.9088414907455444,9.658576011657715,0.608074963092804,-6.424067497253418,0.6176185607910156,2.8157355785369873,0.5384669899940491,-1.2018389701843262,0.6478497385978699,3.636676549911499,0.6627444624900818,1.3430829048156738,0.5754245519638062,-1.850172758102417,0.5036947131156921,-0.6126350164413452,0.4867726266384125,3.0070738792419434,0.4945761561393738,0.16748343408107758,0.4679366648197174
v24,G80,8.0,5.0,50,AccRadial4507,0.024677541106939316,0.2530291666666667,1.0,40.522675888433646,25.714019775390625,5841.886444598365,1504.7054579505282,7018.133333333333,6417.666666666667,-92.18594360351562,1.4596842527389526,3.844379186630249,1.5559709072113037,-17.249908447265625,0.9909131526947021,10.818954467773438,0.6857078075408936,-5.200093746185303,0.6042060256004333,0.2453082948923111,0.46401599049568176,0.9606872797012329,0.6200559139251709,2.096924066543579,0.598524808883667,-1.2426457405090332,0.6398391127586365,0.8986854553222656,0.7018441557884216,-1.2342582941055298,0.576190173625946,-0.10207557678222656,0.5139226913452148,1.6062819957733154,0.49112817645072937
v24,G80,8.0,5.0,50,Mic147EB,0.1728333979845047,0.0998263888888889,0.7638037800788879,4.419306621208515,0.010769128799438477,1025.8105105337079,2439.053109626747,1512.4666666666667,99.73333333333333,-56.256404876708984,1.095113754272461,6.33354377746582,0.5451245307922363,0.2921609878540039,0.7430287003517151,4.107574939727783,0.6696277260780334,1.1999053955078125,0.5646274089813232,1.0366724729537964,0.6220155954360962,-0.1530674248933792,0.7370066046714783,2.1562440395355225,0.615302562713623,-0.2808808982372284,0.5388964414596558,2.365410089492798,0.7498629093170166,-0.7053451538085938,0.5870077610015869,0.15976805984973907,0.46809038519859314,-0.18530119955539703,0.6754698753356934
v24,G80,8.0,5.0,50,Mic46BE,0.12045884132385254,0.0986375,0.5654067397117615,4.6937753468146886,0.02767014503479004,1275.376786211493,2098.9799947774554,3979.133333333333,99.73333333333333,-62.43960189819336,0.99471116065979,9.78597640991211,0.5759178996086121,-4.3404221534729,0.6555793881416321,6.764770984649658,0.6217836737632751,1.2936145067214966,0.5355204939842224,-0.029004830867052078,0.5499294400215149,0.0745050460100174,0.6587525010108948,1.8928290605545044,0.5819212794303894,-0.2585023045539856,0.5325928330421448,1.5993305444717407,0.6669646501541138,-0.8764705657958984,0.5299461483955383,0.08805973827838898,0.5029104948043823,-0.1761755347251892,0.6050342321395874
v24,G80,8.0,5.0,60,AccAxial4507,0.059301044791936874,0.19836527777777777,1.0,16.86310930116984,1.0356526374816895,4927.634778527247,2108.4448244840714,7825.0,4808.4,-83.0951156616211,16.410375595092773,6.7027974128723145,3.562747001647949,-15.626178741455078,6.787431716918945,9.336080551147461,2.6224660873413086,-6.31985330581665,3.084650754928589,3.1865851879119873,0.7285014986991882,-0.9063030481338501,1.458720088005066,3.420928955078125,0.9774405360221863,0.8731133937835693,0.9178821444511414,-1.7073676586151123,0.8096315860748291,-0.5385966897010803,0.792059600353241,3.2292604446411133,0.6299390196800232,0.028325270861387253,0.7681852579116821
v24,G80,8.0,5.0,60,AccRadial4507,0.16293460130691528,0.2276263888888889,1.0,6.13743177924699,0.5562808513641357,5936.0125240617435,1376.4261121544832,7062.599999999999,6401.666666666667,-74.8297348022461,17.094675064086914,6.515463352203369,4.487220764160156,-17.198284149169922,6.518658638000488,11.071017265319824,3.541964530944824,-6.1477274894714355,3.0878584384918213,1.8646254539489746,0.756831169128418,0.11404009163379669,1.290310263633728,2.9913878440856934,1.1226922273635864,-2.314946174621582,0.7722190618515015,1.2369961738586426,1.395505666732788,-1.839919924736023,0.8844981789588928,0.9265474081039429,0.7922285199165344,0.943381667137146,0.9406323432922363
v24,G80,8.0,5.0,60,Mic147EB,0.18567350506782532,0.09381527777777778,1.0,5.3857980417545654,0.2678961753845215,1294.6166903355122,2459.7975552140883,3130.866666666667,99.93333333333334,-58.01448059082031,8.50036334991455,7.386030197143555,3.95467209815979,-0.2419699728488922,1.723302960395813,4.02924919128418,0.7495653033256531,1.1627297401428223,0.9469926357269287,1.7081294059753418,0.6722289323806763,-0.22252421081066132,0.9422146081924438,2.1173760890960693,0.8394310474395752,-0.5803492069244385,0.6795855164527893,1.783058524131775,0.8246534466743469,-0.7839557528495789,0.627606213092804,0.5917941927909851,0.6418450474739075,0.0029141416307538748,0.7621932625770569
v24,G80,8.0,5.0,60,Mic46BE,0.1394803673028946,0.09422638888888889,1.0,7.169467784870447,0.6849207878112793,1668.1226981540578,2072.9529381483344,3871.0,99.93333333333334,-63.9808235168457,8.49224853515625,11.195871353149414,3.9406254291534424,-4.9679388999938965,1.7572815418243408,6.718052387237549,0.8785300850868225,0.9406079649925232,0.8106998801231384,0.36489221453666687,0.6783224940299988,0.05436992645263672,1.0041128396987915,1.7911518812179565,0.855991005897522,-0.6849899291992188,0.7309108972549438,1.2321650981903076,0.9715856313705444,-0.8895595669746399,0.6329238414764404,0.45765408873558044,0.7244458794593811,0.22190362215042114,0.9000107049942017
v24,G80,8.0,5.0,70,AccAxial4507,0.0368092805147171,0.21330277777777779,0.5499128699302673,14.939516943570819,0.525153636932373,4766.3279356266685,2078.1343019948017,7512.533333333333,4670.866666666667,-83.22805786132812,1.4845383167266846,6.675814628601074,1.1756199598312378,-16.40886878967285,1.2658605575561523,10.047425270080566,0.7172766923904419,-6.423760890960693,0.690893292427063,3.10249924659729,0.5421345233917236,-0.4927716553211212,0.7873416543006897,3.882420301437378,0.7075095772743225,1.2178354263305664,0.668849766254425,-1.8370437622070312,0.5512834787368774,-0.26200616359710693,0.5492092370986938,3.224135637283325,0.4993802011013031,0.2380485087633133,0.477498859167099
v24,G80,8.0,5.0,70,AccRadial4507,0.12004081904888153,0.2506319444444444,0.8403493762016296,7.000530176817879,0.23653411865234375,5854.545469381131,1446.5705655318222,7013.2,6661.599999999999,-72.80913543701172,1.7431303262710571,6.253405570983887,1.3774083852767944,-18.301557540893555,1.1804759502410889,12.338889122009277,0.7622517943382263,-6.424633979797363,0.7211409211158752,2.0197644233703613,0.5654457807540894,0.6686356067657471,0.8808584213256836,3.6705572605133057,0.6864818930625916,-2.1843957901000977,0.6769775748252869,1.9804749488830566,0.7349275350570679,-1.4917744398117065,0.7160364985466003,0.8361926674842834,0.516518771648407,1.06987726688385,0.5210469961166382
v24,G80,8.0,5.0,70,Mic147EB,0.1832519918680191,0.09768055555555556,0.8217021822929382,4.4840013683711595,-0.19058656692504883,957.5292006396668,2541.051598299865,1263.4666666666667,100.66666666666667,-56.441585540771484,1.1382207870483398,5.890897750854492,0.5699229836463928,1.5327668190002441,1.110559344291687,4.065662860870361,0.6603807806968689,1.0403515100479126,0.5437840819358826,1.3768445253372192,0.5797178149223328,-0.04473539814352989,0.6066174507141113,2.2026100158691406,0.5295450091362,-0.7396956086158752,0.607085645198822,2.379950523376465,0.8009368181228638,-0.6839349269866943,0.5233805179595947,0.4042612314224243,0.5572761297225952,0.06344733387231827,0.56013423204422
v24,G80,8.0,5.0,70,Mic46BE,0.1466081589460373,0.09249027777777778,0.6925232410430908,4.723633705119992,-0.0877370834350586,1209.0778600041026,2021.357824605104,3022.5333333333333,100.66666666666667,-60.91436767578125,1.1948848962783813,9.317855834960938,0.5902104377746582,-3.379584312438965,1.04026198387146,6.81356954574585,0.9506199955940247,0.8362419009208679,0.5292858481407166,0.19047199189662933,0.6330193877220154,0.6414101123809814,0.6571706533432007,2.0149686336517334,0.5546635985374451,-0.9065352082252502,0.6800133585929871,1.5517897605895996,1.095910906791687,-0.872162401676178,0.5809190273284912,0.4509577453136444,0.7215873599052429,0.1477251648902893,0.8019806742668152
v24,G80,8.0,6.5,0,AccAxial4507,0.15947845578193665,0.2526569444444444,0.8499484062194824,5.329550013837994,0.019127845764160156,5765.208900966501,2205.211309105413,8454.2,4935.133333333333,-66.07428741455078,1.4347131252288818,-0.08864602446556091,1.6495448350906372,-17.061195373535156,1.7090654373168945,10.726292610168457,0.9786878228187561,-7.225542068481445,0.6503329277038574,5.415133953094482,0.5614789724349976,-2.360776662826538,0.7044202089309692,4.925710678100586,0.6808834671974182,-1.9231574535369873,0.7598525285720825,-1.1261776685714722,0.6477688550949097,-0.8244432210922241,0.5531068444252014,2.6090543270111084,0.58278489112854,-1.1796215772628784,0.4729631543159485
v24,G80,8.0,6.5,0,AccRadial4507,0.19806157052516937,0.27087222222222224,1.0,5.048935022318838,0.04753875732421875,6417.831289047311,1188.6384673769187,7263.533333333333,6504.4,-69.18960571289062,1.8364976644515991,-1.4602512121200562,2.400015354156494,-16.779224395751953,2.0763633251190186,12.811820030212402,1.0561434030532837,-7.424272060394287,0.6688416004180908,3.44024658203125,0.570045530796051,-1.3509570360183716,0.7838689684867859,2.226984977722168,0.920332133769989,-4.46993350982666,0.9376684427261353,1.8868945837020874,0.9065500497817993,-1.2996634244918823,0.8837433457374573,-0.38376009464263916,0.7616892457008362,0.03926093876361847,0.6070079803466797
v24,G80,8.0,6.5,0,Mic147EB,0.15497444570064545,0.21269027777777777,0.7532727718353271,4.860625688511108,-0.010201215744018555,3616.0515942505763,4330.083486687244,7378.733333333334,99.6,-52.28523254394531,0.885668933391571,1.2283233404159546,0.602257251739502,-1.6666665077209473,0.647375226020813,4.197290897369385,0.544687032699585,1.696519136428833,0.5461027026176453,1.9541378021240234,0.5544028878211975,-0.7456502318382263,0.514397144317627,1.6769700050354004,0.4927644729614258,-0.8889286518096924,0.48271042108535767,1.133389949798584,0.5041325092315674,-0.05301491171121597,0.5265218019485474,0.902809202671051,0.4622105658054352,-0.6311081647872925,0.48171117901802063
v24,G80,8.0,6.5,0,Mic46BE,0.16511082649230957,0.1656527777777778,0.8143346309661865,4.932048662503159,0.011107206344604492,3230.5122751142944,2477.1000478939086,5604.4,99.6,-55.88333511352539,0.8524350523948669,6.492657661437988,0.5811693072319031,-7.346855640411377,0.6436214447021484,7.270686626434326,0.5547076463699341,1.118317723274231,0.5593540668487549,0.873060941696167,0.5618691444396973,-0.3777862787246704,0.5019685626029968,1.5633350610733032,0.5116521120071411,-1.1741105318069458,0.5303835868835449,0.7196642160415649,0.49939751625061035,-0.16733475029468536,0.5192692875862122,0.724870502948761,0.44546809792518616,-0.46445563435554504,0.5070330500602722
v24,G80,8.0,6.5,100,AccAxial4507,0.0467805340886116,0.21529722222222222,0.3466651141643524,7.410456526804503,1.6282987594604492,4780.594681394288,1877.5337949011362,5968.4,4906.0,-80.4888687133789,1.3178468942642212,8.23892879486084,1.663704752922058,-13.822479248046875,0.890439510345459,10.569710731506348,1.1919925212860107,-6.948509216308594,0.9387865662574768,2.5792055130004883,0.6280109882354736,-0.7622627019882202,0.5673239231109619,3.813523054122925,0.7429975271224976,-0.5061911940574646,0.5732945203781128,-2.4735398292541504,0.6055643558502197,-0.2778399586677551,0.6337242126464844,3.1517462730407715,0.5019881725311279,-0.616741418838501,0.5712765455245972
v24,G80,8.0,6.5,100,AccRadial4507,0.08325007557868958,0.24482916666666665,0.5444146394729614,6.539509251957018,0.29000234603881836,5707.471388047016,1341.9213794952243,6764.533333333333,6401.6,-77.1410903930664,1.339471697807312,6.7465667724609375,1.5195420980453491,-16.8215389251709,0.8170542120933533,11.795801162719727,1.1624822616577148,-6.473365306854248,0.8187988996505737,0.9660726189613342,0.6045913696289062,1.227080225944519,0.5518267154693604,3.3055832386016846,0.6378361582756042,-3.221813201904297,0.5476874709129333,1.6105259656906128,0.6359648704528809,-0.9539943933486938,0.6312216520309448,0.1852887123823166,0.5091801881790161,0.3423090875148773,0.6033675670623779
v24,G80,8.0,6.5,100,Mic147EB,0.186006098985672,0.07368472222222222,0.7713851928710938,4.147096235433191,-0.4459197521209717,640.4289589182266,2139.505498473195,334.3333333333333,100.13333333333333,-59.0319709777832,0.7600118517875671,6.478799819946289,0.6336289048194885,2.856771230697632,0.5872032642364502,4.3062052726745605,0.5439125299453735,0.9520175457000732,0.5092946887016296,1.3722797632217407,0.49053218960762024,0.0785326287150383,0.46942585706710815,2.7590737342834473,0.5203550457954407,-0.3906841576099396,0.4902680516242981,2.673814296722412,0.48926955461502075,-0.8286779522895813,0.519008219242096,0.06350868940353394,0.4538723826408386,-0.2889632284641266,0.46916911005973816
v24,G80,8.0,6.5,100,Mic46BE,0.14760032296180725,0.07392638888888889,0.6436794996261597,4.36096267751878,-0.3542301654815674,781.9013206076879,1810.0326887766266,974.6666666666666,100.13333333333333,-62.70162582397461,0.9159615635871887,9.792318344116211,0.6570209264755249,-1.8821830749511719,0.6755620241165161,7.106367588043213,0.5448817610740662,0.6474398970603943,0.5011972784996033,0.13866017758846283,0.5164523124694824,0.4671669006347656,0.5291906595230103,2.341395378112793,0.5438673496246338,-0.46357688307762146,0.48924821615219116,2.235668897628784,0.4769711196422577,-0.6190311908721924,0.4966941177845001,0.20788945257663727,0.46648097038269043,-0.3457188010215759,0.4503357410430908
v24,G80,8.0,6.5,30,AccAxial4507,0.051364704966545105,0.23651388888888888,1.0,19.468621510652515,0.8022511005401611,5425.269160940774,1901.6802723864098,7956.8,4845.2,-80.88599395751953,1.2005019187927246,0.23809033632278442,1.8291819095611572,-16.974769592285156,1.567625880241394,10.243349075317383,1.0694079399108887,-6.255002975463867,0.7701504230499268,4.064819812774658,0.5215054750442505,-1.4543242454528809,0.6111725568771362,4.2948503494262695,0.71202152967453,-1.3357146978378296,0.7754324674606323,-1.4073725938796997,0.7596576809883118,-0.5619866251945496,0.6472083330154419,2.7352426052093506,0.5431875586509705,-0.5493347644805908,0.5174294114112854
v24,G80,8.0,6.5,30,AccRadial4507,0.16057439148426056,0.2634111111111111,0.8629087805747986,5.373887907022712,0.0568699836730957,6248.21874802292,1148.7617467363,7191.8,6400.2,-71.91510772705078,1.6959773302078247,-0.3371696472167969,2.3734664916992188,-17.568641662597656,1.852741003036499,12.618829727172852,1.217621922492981,-6.4283976554870605,0.9107851386070251,2.5942304134368896,0.5311701893806458,-0.7990623712539673,0.7667834162712097,2.325178861618042,1.0255486965179443,-4.5412516593933105,1.1315027475357056,1.9451477527618408,0.9769799709320068,-1.7110015153884888,0.8934150338172913,0.17908169329166412,0.8119624853134155,0.06848016381263733,0.5762696862220764
v24,G80,8.0,6.5,30,Mic147EB,0.17365778982639313,0.15696805555555557,0.9131612777709961,5.258395138414981,-0.008440017700195312,2335.644364436517,3463.791824866736,5237.8,100.13333333333333,-52.12881088256836,1.0731765031814575,3.9233827590942383,0.6474042534828186,-1.6229103803634644,0.5373226404190063,4.226559638977051,0.5235649943351746,1.5072277784347534,0.5367003679275513,0.9695859551429749,0.5312528610229492,-0.3907226324081421,0.5346365571022034,2.0880796909332275,0.49328628182411194,-0.7897834777832031,0.4638221561908722,1.2424216270446777,0.4949778616428375,-0.40829789638519287,0.4827769994735718,0.6604693531990051,0.4606228470802307,-0.4385499954223633,0.474050909280777
v24,G80,8.0,6.5,30,Mic46BE,0.14995034039020538,0.14788888888888888,0.739711344242096,4.933042114590713,0.02966761589050293,2700.4757011485567,2428.6221120439377,5214.333333333333,100.13333333333333,-58.307762145996094,1.1573001146316528,8.616138458251953,0.6536076068878174,-7.454928874969482,0.5652093291282654,7.410826206207275,0.5579158067703247,1.2013930082321167,0.5730165839195251,0.4210413694381714,0.5005450248718262,0.0018893643282353878,0.5438224077224731,2.31976056098938,0.5393301248550415,-0.9477209448814392,0.4807080626487732,0.656799852848053,0.49010711908340454,-0.7389464974403381,0.4946656823158264,0.5393126010894775,0.479101300239563,-0.3209424614906311,0.4710279405117035
v24,G80,8.0,6.5,40,AccAxial4507,0.09380649030208588,0.22295138888888888,0.8601438403129578,9.169342521429263,0.10872173309326172,5149.46362320271,1602.9861750683067,6904.333333333333,4767.0,-76.35238647460938,1.009355902671814,1.7371857166290283,1.0767402648925781,-18.605979919433594,0.8059253096580505,10.836997032165527,0.6760895252227783,-6.5376362800598145,0.6517221331596375,3.6981923580169678,0.5452751517295837,-1.0286091566085815,0.5971097946166992,4.712734699249268,0.6557499170303345,-0.15557777881622314,0.6082950234413147,-1.3626316785812378,0.5473735928535461,0.09683097153902054,0.5116686820983887,3.5495376586914062,0.5127012133598328,-0.8351352214813232,0.472121924161911
v24,G80,8.0,6.5,40,AccRadial4507,0.11313173919916153,0.25569444444444445,1.0,8.839252424463846,0.029262065887451172,6054.96120016843,1085.1527392522182,7021.4,6515.8,-78.44860076904297,0.8897964358329773,0.2506866753101349,1.0754899978637695,-19.541994094848633,0.7990065217018127,12.780356407165527,0.7212293148040771,-5.991664409637451,0.582750678062439,1.700537919998169,0.5526280403137207,0.551734209060669,0.5736696124076843,2.829652786254883,0.5850437879562378,-2.9074654579162598,0.5942787528038025,2.0948143005371094,0.6318265795707703,-0.6118787527084351,0.53711998462677,0.7226398587226868,0.5182933807373047,0.13617609441280365,0.4584369361400604
v24,G80,8.0,6.5,40,Mic147EB,0.12525060772895813,0.10842916666666666,0.5872253775596619,4.688403419410271,-0.07674860954284668,1283.491790230755,2551.447986121482,3170.6,100.26666666666667,-59.17635726928711,0.7583636045455933,6.25741720199585,0.6555175185203552,-0.7958654165267944,0.5491877198219299,4.695336818695068,0.5426514148712158,0.885270893573761,0.5583708882331848,0.7874316573143005,0.5117167830467224,-0.11191067099571228,0.4916301667690277,2.449061393737793,0.5080229043960571,-0.6299289464950562,0.4929967522621155,1.3035906553268433,0.44831669330596924,-0.7193491458892822,0.46726617217063904,0.16858349740505219,0.4896329939365387,-0.5027340650558472,0.43509650230407715
v24,G80,8.0,6.5,40,Mic46BE,0.08335763216018677,0.11404583333333333,0.4020642042160034,4.823364025544348,-0.05373954772949219,1720.1804029476343,2227.671948287716,4652.866666666667,48.8,-67.03850555419922,0.8543512225151062,10.231606483459473,0.6789661645889282,-5.8206257820129395,0.5677041411399841,7.156300067901611,0.656673014163971,0.7681756615638733,0.5423891544342041,-0.3102266788482666,0.48826655745506287,0.3475222587585449,0.5108649134635925,2.395404100418091,0.5683380365371704,-0.5444796085357666,0.4856257736682892,0.8503305912017822,0.5008649826049805,-0.7291738986968994,0.5403057336807251,0.0010119080543518066,0.4984980821609497,-0.4008219540119171,0.4634994864463806
v24,G80,8.0,6.5,50,AccAxial4507,0.10792175680398941,0.22724166666666668,0.6577330827713013,6.09453647021235,0.060814857482910156,5237.346159944362,1709.6875911459113,7503.133333333333,4595.8,-73.58013153076172,0.9283829927444458,1.49517023563385,1.3026316165924072,-18.294448852539062,0.9416599869728088,10.82462215423584,0.7985901832580566,-6.689653396606445,0.651892364025116,3.910789728164673,0.5023508667945862,-1.2799324989318848,0.5413148999214172,4.840907573699951,0.6412203907966614,-0.4749313294887543,0.5787137746810913,-1.1355935335159302,0.5581703186035156,-0.27652814984321594,0.5364863872528076,3.528689384460449,0.4921131134033203,-0.7330017685890198,0.4904334843158722
v24,G80,8.0,6.5,50,AccRadial4507,0.14640633761882782,0.2583375,0.7211427688598633,4.92562535603735,0.01908421516418457,6121.248626680371,1107.2735368822862,7103.933333333333,6610.733333333334,-74.5244369506836,1.1329293251037598,0.22409729659557343,1.526968240737915,-19.159828186035156,1.194973349571228,12.766396522521973,0.9048845171928406,-6.266120433807373,0.6127486824989319,2.045602560043335,0.5190190672874451,0.24404963850975037,0.6227057576179504,2.7464239597320557,0.6550368666648865,-3.235915422439575,0.7124627232551575,2.155304193496704,0.651046097278595,-0.942670464515686,0.6118836402893066,0.8574520349502563,0.4785831868648529,0.06316711753606796,0.4307953417301178
v24,G80,8.0,6.5,50,Mic147EB,0.13420645892620087,0.14099027777777778,0.600058913230896,4.471162699858312,-0.09731650352478027,1859.8877726838848,3272.7066996494914,4638.133333333333,100.06666666666666,-56.4201774597168,0.8541766405105591,4.2979278564453125,0.5344215631484985,-0.8493187427520752,0.595403254032135,4.402650356292725,0.7253540754318237,1.4894652366638184,0.6123964190483093,1.270986557006836,0.4733152687549591,-0.034144673496484756,0.5486900806427002,1.9153969287872314,0.4919002056121826,-0.9951355457305908,0.4606482982635498,1.4828633069992065,0.5820410847663879,-0.844784140586853,0.5251454710960388,0.7225762009620667,0.4322548508644104,0.028184859082102776,0.5027093887329102
v24,G80,8.0,6.5,50,Mic46BE,0.1042923554778099,0.1332986111111111,0.4915936291217804,4.7136113368000006,-0.039450883865356445,2172.337275169485,2487.897281001337,5048.933333333333,100.06666666666666,-62.172183990478516,0.837307870388031,8.046906471252441,0.5695650577545166,-5.593818664550781,0.6379961371421814,6.885617256164551,0.6830019950866699,1.3480607271194458,0.5646787881851196,0.08179742842912674,0.4892791509628296,0.228915736079216,0.5846725106239319,1.5996475219726562,0.5031484365463257,-0.7204992175102234,0.4412393271923065,1.058030366897583,0.562175452709198,-0.7406337261199951,0.5211547613143921,0.6040537357330322,0.4409656822681427,-0.1684463918209076,0.49992379546165466
v24,G80,8.0,6.5,60,AccAxial4507,0.05219878628849983,0.22072916666666667,0.6447279453277588,12.351397248288164,0.1830155849456787,5103.27122585756,1554.3223562895325,6456.733333333334,4758.0,-83.57110595703125,1.1442922353744507,1.9964404106140137,1.51304292678833,-17.549686431884766,0.982926070690155,10.844562530517578,0.879868745803833,-6.054791450500488,0.7070112228393555,3.292703866958618,0.5652572512626648,-0.7116484045982361,0.6166902780532837,4.535952568054199,0.6771597266197205,0.19154323637485504,0.672389566898346,-1.933220624923706,0.6233761310577393,0.33477431535720825,0.5672654509544373,3.3313820362091064,0.5152234435081482,-0.5436734557151794,0.48036086559295654
v24,G80,8.0,6.5,60,AccRadial4507,0.15186545252799988,0.25400972222222223,0.7845325469970703,5.165971153659347,0.03570866584777832,6012.123215601352,1098.7613748353785,6981.933333333333,6512.533333333333,-74.47821807861328,1.260707974433899,1.2532455921173096,1.6233174800872803,-19.29541015625,1.2104225158691406,13.341156005859375,1.0066499710083008,-6.026155471801758,0.6312553286552429,1.795835018157959,0.5489944219589233,0.3839589059352875,0.6860090494155884,3.0561883449554443,0.8069228529930115,-3.2079994678497314,0.8169397711753845,1.8844269514083862,0.7343323230743408,-0.8951257467269897,0.6709508895874023,0.8613489270210266,0.5101678371429443,0.08112052083015442,0.4444442391395569
v24,G80,8.0,6.5,60,Mic147EB,0.14555063843727112,0.14795833333333333,0.7092910408973694,4.873156507678646,-0.00919032096862793,1873.0121967278928,3488.845786882317,4720.4,99.73333333333333,-55.5213737487793,1.0151057243347168,3.8402390480041504,0.5867838263511658,-0.05430729687213898,0.6290854215621948,4.421287536621094,0.4998664855957031,1.2627124786376953,0.48063093423843384,1.3841530084609985,0.5136659145355225,0.1398494690656662,0.4924449026584625,1.9283332824707031,0.4809321463108063,-0.9160534143447876,0.5155624151229858,1.5955220460891724,0.5059142708778381,-0.6384743452072144,0.4476345479488373,0.978776216506958,0.45257872343063354,-0.15677966177463531,0.46014025807380676
v24,G80,8.0,6.5,60,Mic46BE,0.13322965800762177,0.13222916666666668,0.6767845749855042,5.079834213391036,0.012929201126098633,2047.3692438557532,2567.7873051479946,5045.2,99.73333333333333,-58.85098648071289,0.9589784741401672,7.561976909637451,0.550063967704773,-4.603559494018555,0.7171042561531067,7.027489185333252,0.6049533486366272,1.003597378730774,0.45986828207969666,0.06201913580298424,0.4738233685493469,0.22713804244995117,0.5020954012870789,1.3796372413635254,0.4925882816314697,-0.9519855976104736,0.5096315741539001,1.0070322751998901,0.5031861066818237,-0.7685853838920593,0.43242180347442627,1.0522332191467285,0.44245606660842896,0.008063807152211666,0.4643855094909668
v24,G80,8.0,6.5,70,AccAxial4507,0.05077787861227989,0.20928888888888889,1.0,19.69361515938093,1.2982769012451172,4888.32572213671,1051.7130265376916,5000.933333333333,4901.733333333334,-86.26435089111328,1.5015496015548706,4.902802467346191,2.057150363922119,-15.17236614227295,1.260900616645813,11.596976280212402,0.8294367790222168,-5.382615566253662,0.7820543646812439,1.9074684381484985,0.67271888256073,-0.6323310732841492,0.6949830055236816,4.619624614715576,0.7444846630096436,-0.4389699101448059,0.7085150480270386,-2.756155252456665,0.6437917351722717,0.7412208914756775,0.5956817865371704,2.940573215484619,0.5723437070846558,-0.8852224946022034,0.5407419800758362
v24,G80,8.0,6.5,70,AccRadial4507,0.14924053847789764,0.23887916666666667,0.7888895273208618,5.286027076602216,0.15595364570617676,5630.065020972661,1083.4264644178816,6708.866666666667,4773.0,-74.00389862060547,1.5379774570465088,4.066261291503906,2.0709848403930664,-18.066633224487305,1.1295287609100342,13.56656265258789,0.9415602087974548,-5.676225185394287,0.7819623947143555,1.0365238189697266,0.6344763040542603,0.8288538455963135,0.6393510699272156,3.841151475906372,0.6900379657745361,-3.475905418395996,0.7357339859008789,1.6810189485549927,0.7143522500991821,-0.564078688621521,0.6612813472747803,0.7415653467178345,0.6016563177108765,-0.33059006929397583,0.5204735994338989
v24,G80,8.0,6.5,70,Mic147EB,0.1626376509666443,0.10653472222222223,0.721397876739502,4.435614216338227,-0.24794840812683105,1183.3618989634651,2770.0114947671696,1281.2666666666667,100.13333333333333,-56.95565414428711,0.7628890872001648,4.948489665985107,0.5451079607009888,0.6854870319366455,0.5929827094078064,4.493340492248535,0.5679043531417847,1.0130294561386108,0.5723229050636292,1.1188437938690186,0.51602703332901,0.44395530223846436,0.46723899245262146,2.8203232288360596,0.49324843287467957,-0.15690916776657104,0.49348869919776917,2.366079568862915,0.4997100532054901,-1.015047550201416,0.5069586038589478,0.006746801547706127,0.5107948780059814,-0.8387553691864014,0.46081289649009705
v24,G80,8.0,6.5,70,Mic46BE,0.15485675632953644,0.11335555555555556,0.7187827229499817,4.641597434860421,-0.13800835609436035,1637.2788412627976,2364.8376012608255,4847.066666666667,100.13333333333333,-59.136009216308594,0.7434176206588745,8.558237075805664,0.5628498792648315,-4.124569416046143,0.5681445002555847,7.134960651397705,0.5928549766540527,0.35462021827697754,0.5907927751541138,-0.49928343296051025,0.4968738555908203,1.1223725080490112,0.4825691878795624,2.5654046535491943,0.5201902389526367,-0.1756751388311386,0.508111298084259,2.0428078174591064,0.48367512226104736,-1.047369360923767,0.4974839389324188,-0.36406439542770386,0.5198769569396973,-0.7388734221458435,0.45031580328941345
v24,G80,8.0,6.0,0,AccAxial4507,0.1524360030889511,0.23187222222222223,1.0,6.560130020048277,0.35682034492492676,5567.807709231565,2143.9654801410597,8195.266666666666,4870.8,-70.32658386230469,14.972874641418457,0.6352759003639221,3.532733678817749,-16.8741455078125,4.345207214355469,9.0752534866333,2.036959171295166,-7.145245552062988,2.08892560005188,4.69822883605957,1.0645604133605957,-1.6219139099121094,1.103958249092102,4.880636215209961,1.3136547803878784,-1.358373999595642,0.6584689021110535,-0.4522194564342499,0.7287448048591614,-0.6126664876937866,0.6578522324562073,3.288395643234253,0.5721372365951538,-1.0271525382995605,0.7429185509681702
v24,G80,8.0,6.0,0,AccRadial4507,0.16701987385749817,0.25469583333333334,1.0,5.987311431292319,0.3756587505340576,6352.115461518119,1161.9674964075948,7185.266666666666,7043.333333333333,-75.03164672851562,14.370141983032227,-1.1176254749298096,3.3753914833068848,-17.37517738342285,4.338990211486816,10.47297191619873,2.660423994064331,-7.11886739730835,2.0832152366638184,2.8179585933685303,0.9094133377075195,-0.3126007318496704,0.8833970427513123,2.869156837463379,0.9564729928970337,-3.731945276260376,0.6997607350349426,2.3409881591796875,1.328691005706787,-1.1540216207504272,0.6606648564338684,0.39968737959861755,0.7006255984306335,0.4564666748046875,0.7465128302574158
v24,G80,8.0,6.0,0,Mic147EB,0.19651274383068085,0.17465694444444443,0.9556693434715271,4.863141823997685,0.1983799934387207,2981.2160744213065,3855.0492492803555,6088.333333333333,100.0,-51.67158508300781,7.857370376586914,3.484386444091797,3.784834146499634,-1.844946265220642,1.1080483198165894,4.009182453155518,0.7144585847854614,1.6329269409179688,0.8693876266479492,1.5194376707077026,0.5839525461196899,-0.3593144714832306,0.7397502660751343,1.9229212999343872,0.639445960521698,-0.6191582083702087,0.5522108674049377,1.2037231922149658,0.5365599989891052,-0.2737618386745453,0.5483677983283997,0.8397518396377563,0.6211438775062561,-0.5303955078125,0.6032996773719788
v24,G80,8.0,6.0,0,Mic46BE,0.1752563714981079,0.15140694444444444,1.0,5.705926645929653,0.26552915573120117,3064.216523120983,2387.072140192913,5420.666666666667,100.0,-57.591243743896484,7.673071384429932,8.378438949584961,3.6284122467041016,-7.421121597290039,1.1358802318572998,7.212411880493164,0.8129025101661682,1.264326810836792,0.7391834855079651,0.4273322820663452,0.5854335427284241,-0.2559111416339874,0.7510846853256226,1.7849640846252441,0.7168216705322266,-0.8010666370391846,0.5489312410354614,0.7501782774925232,0.5569480657577515,-0.5731560587882996,0.5264925360679626,0.6648108959197998,0.6507786512374878,-0.1702614724636078,0.666898250579834
v24,G80,8.0,6.0,100,AccAxial4507,0.03490794077515602,0.21979166666666666,0.27070748805999756,7.754897082117776,0.5027709007263184,4668.009754571424,2485.3340197120274,8020.733333333334,83.33333333333333,-80.61499786376953,1.4751709699630737,8.356581687927246,1.4838805198669434,-13.340903282165527,0.8719902634620667,9.877246856689453,0.839705228805542,-7.381011962890625,0.8046678304672241,2.6994175910949707,0.5828167200088501,-0.8621639013290405,0.5875433683395386,3.280378818511963,0.625031054019928,-0.5552810430526733,0.5836076736450195,-2.070728063583374,0.518757700920105,-0.6691235899925232,0.48007047176361084,3.0745925903320312,0.48267069458961487,-0.49424782395362854,0.4488976299762726
v24,G80,8.0,6.0,100,AccRadial4507,0.12365222722291946,0.24968055555555554,0.6954776644706726,5.624465325779129,0.18937134742736816,5834.065288650085,1411.2315992697313,6855.599999999999,6598.4,-71.42362976074219,1.4469839334487915,7.207278728485107,1.3386937379837036,-16.8005428314209,0.7542228102684021,11.624587059020996,0.7644575238227844,-7.109884738922119,0.7090813517570496,1.4269112348556519,0.5616980791091919,0.9569545984268188,0.572999894618988,3.3404784202575684,0.545430064201355,-3.3657493591308594,0.5243874192237854,2.0185139179229736,0.6098034381866455,-1.3977763652801514,0.5158149600028992,0.3163969814777374,0.5007352828979492,0.4083348214626312,0.4728873074054718
v24,G80,8.0,6.0,100,Mic147EB,0.17997956275939941,0.060975,0.7278573513031006,4.044111120972753,-0.3674352169036865,485.76342346956085,1742.9953156226914,206.73333333333332,100.2,-61.34208679199219,0.7690849900245667,7.568307876586914,0.5610529184341431,3.0067484378814697,0.70362788438797,4.733572006225586,0.5473126173019409,0.7152178883552551,0.48751240968704224,1.6030631065368652,0.5371700525283813,0.15767574310302734,0.48954343795776367,2.169877052307129,0.5163707137107849,-0.7176167964935303,0.5050339102745056,2.9566667079925537,0.5222007036209106,-0.34742456674575806,0.43677377700805664,0.42349547147750854,0.4761202931404114,0.030747922137379646,0.46716246008872986
v24,G80,8.0,6.0,100,Mic46BE,0.11445803940296173,0.06732777777777778,0.4716828167438507,4.121010801899559,-0.2688734531402588,654.6148602955018,1650.0075329693796,495.1333333333333,100.2,-67.50550842285156,0.7090215086936951,11.082958221435547,0.515845775604248,-1.690423846244812,0.6528026461601257,7.201265335083008,0.516049325466156,0.14513759315013885,0.48856478929519653,0.2261665016412735,0.5424948334693909,0.639434278011322,0.5012277960777283,2.0547826290130615,0.5195761919021606,-0.6619743704795837,0.5209415555000305,2.3869833946228027,0.566739022731781,-0.40753695368766785,0.4219983220100403,0.28724586963653564,0.4988569915294647,-0.09445048123598099,0.47530442476272583
v24,G80,8.0,6.0,30,AccAxial4507,0.07217542827129364,0.23252638888888888,1.0,13.855130810463516,0.24502110481262207,5307.913071098289,1935.6698410117076,7956.4,4842.333333333333,-76.40995025634766,0.9195114374160767,0.8827469348907471,1.0238045454025269,-17.646432876586914,0.8231472373008728,9.164697647094727,0.6608114838600159,-6.989578723907471,0.6196412444114685,3.774975061416626,0.5181278586387634,-1.0114153623580933,0.5999961495399475,4.856813907623291,0.6368164420127869,-0.8113018274307251,0.5666959881782532,-0.5885035991668701,0.576831042766571,-0.6790867447853088,0.5121356248855591,3.697103261947632,0.48138177394866943,-0.9465938806533813,0.4763142764568329
v24,G80,8.0,6.0,30,AccRadial4507,0.13313952088356018,0.2613902777777778,1.0,7.510917820371082,0.019263505935668945,6189.03144102147,1163.0710268502987,7166.266666666666,6526.266666666666,-73.95065307617188,0.8634915351867676,-0.5308657288551331,1.0607428550720215,-18.507034301757812,0.9058773517608643,11.095381736755371,0.6601647138595581,-6.8186492919921875,0.5950582027435303,2.175260305404663,0.5219294428825378,0.049278806895017624,0.5762841105461121,3.158151149749756,0.5954086184501648,-3.5772511959075928,0.6085491180419922,2.588583469390869,0.6353026032447815,-1.454362154006958,0.5379577875137329,0.7649444341659546,0.5095326900482178,0.20657767355442047,0.448576420545578
v24,G80,8.0,6.0,30,Mic147EB,0.18532128632068634,0.14480694444444445,0.8590033650398254,4.635211540423783,-0.04256463050842285,2009.4760724361333,3261.8183209482363,4823.533333333333,99.86666666666666,-52.03519058227539,0.7743663787841797,4.107079982757568,0.6193845272064209,-1.5393593311309814,0.5256276726722717,4.182636737823486,0.5247246623039246,1.707255482673645,0.5044403076171875,1.0470408201217651,0.47515690326690674,0.22713027894496918,0.4836105704307556,2.329756259918213,0.5241160988807678,-0.23768271505832672,0.5059006810188293,1.4696478843688965,0.47196832299232483,-0.45055869221687317,0.48384004831314087,0.4483426809310913,0.4775155484676361,-0.8354272246360779,0.4515725374221802
v24,G80,8.0,6.0,30,Mic46BE,0.13986808061599731,0.13874444444444445,0.6514049768447876,4.657281160761733,-0.012377738952636719,2408.705647929945,2395.076103956467,5097.666666666667,48.733333333333334,-59.368896484375,0.7087870836257935,9.00287914276123,0.6091200709342957,-6.992869853973389,0.4915325939655304,7.070563793182373,0.5024512410163879,1.1096421480178833,0.48726239800453186,-0.1795913279056549,0.4739343822002411,0.38114500045776367,0.506904125213623,2.4485840797424316,0.48090362548828125,-0.22693930566310883,0.4931836426258087,0.9030604958534241,0.4510236382484436,-0.7954612374305725,0.460334450006485,0.23002272844314575,0.444233775138855,-0.6243185997009277,0.42733168601989746
v24,G80,8.0,6.0,40,AccAxial4507,0.09138841181993484,0.2372027777777778,0.8953956961631775,9.797694021944498,0.15011119842529297,5438.183200215,2025.1564084865304,8071.4,4843.933333333333,-72.8867416381836,1.6649709939956665,1.093699336051941,1.7871061563491821,-17.06268882751465,1.367319941520691,9.786355018615723,0.9090772271156311,-7.12617301940918,0.711424708366394,4.056890487670898,0.6331178545951843,-1.8364628553390503,0.6098185181617737,4.603320598602295,0.7088980078697205,-1.5372616052627563,0.8552147746086121,-0.9960289001464844,0.6352444291114807,-0.9758931994438171,0.5845347046852112,3.2073357105255127,0.5729194283485413,-1.1115219593048096,0.48598745465278625
v24,G80,8.0,6.0,40,AccRadial4507,0.19228270649909973,0.26350694444444445,0.9889915585517883,5.143424370076769,0.13862204551696777,6253.637438729254,1196.6406726690777,7175.8,7003.599999999999,-68.76738739013672,2.007335662841797,0.07032463699579239,2.3428843021392822,-17.542829513549805,1.76735258102417,11.757325172424316,1.1479074954986572,-7.0919084548950195,0.9130977392196655,2.4571611881256104,0.6598069667816162,-0.7431981563568115,0.7019451856613159,2.6195757389068604,0.8616529107093811,-4.512051582336426,0.9709712266921997,1.9915771484375,0.8909626603126526,-1.9465250968933105,0.8746581077575684,0.23174338042736053,0.6897936463356018,-0.10767936706542969,0.5175080895423889
v24,G80,8.0,6.0,40,Mic147EB,0.1782238632440567,0.1788375,0.9855614304542542,5.52990723304344,0.13058018684387207,2861.467006070578,3839.993961871153,6129.2,99.93333333333334,-51.34207534790039,1.622579574584961,2.724550724029541,0.8133410811424255,-1.6259208917617798,0.560236394405365,4.2459306716918945,0.533528208732605,1.7104823589324951,0.5316728949546814,1.5262080430984497,0.5658813118934631,0.011946260929107666,0.6415703892707825,2.033133029937744,0.550614058971405,-0.8430054187774658,0.5285775661468506,1.2804675102233887,0.5333887338638306,-0.6985942721366882,0.5185992121696472,0.7182954549789429,0.4902951121330261,-0.3739902675151825,0.530143141746521
v24,G80,8.0,6.0,40,Mic46BE,0.12882202863693237,0.15815972222222222,0.7833943367004395,6.081214098159651,0.18018794059753418,3010.7859148587586,2496.0117018646724,5534.466666666666,48.733333333333334,-59.09318542480469,1.4051241874694824,7.197326183319092,0.672394871711731,-6.8035197257995605,0.6240518689155579,6.889837741851807,0.5976244211196899,1.0688319206237793,0.570063054561615,0.20528636872768402,0.5102631449699402,0.2528436481952667,0.6342191100120544,2.0017824172973633,0.5512549877166748,-0.829396665096283,0.4792574942111969,0.8293690085411072,0.5452625155448914,-0.8219969272613525,0.5129173994064331,0.6873095035552979,0.473608136177063,-0.21960853040218353,0.5203655958175659
v24,G80,8.0,6.0,50,AccAxial4507,0.040022000670433044,0.21636111111111112,1.0,24.986257139782808,3.3131589889526367,4954.795988612272,1633.8258318528378,6423.466666666666,4579.466666666666,-86.35529327392578,1.0890159606933594,3.065304756164551,1.0726823806762695,-18.143964767456055,0.7649598121643066,10.013252258300781,0.6599372029304504,-6.3099589347839355,0.6419075727462769,2.662872552871704,0.5325774550437927,-0.4159863591194153,0.5461115837097168,4.07880973815918,0.6123974323272705,0.8703823685646057,0.5487629175186157,-2.276293992996216,0.5168794393539429,0.25471049547195435,0.5013149380683899,3.3709702491760254,0.489776074886322,-0.4108395576477051,0.465403288602829
v24,G80,8.0,6.0,50,AccRadial4507,0.09843873232603073,0.251,0.5262153744697571,5.345613073591022,0.045027971267700195,5935.2027271563,1194.42996164141,7030.933333333333,6506.4,-78.77594757080078,0.7524333000183105,2.258049488067627,0.8243257999420166,-19.881563186645508,0.6600052714347839,12.328143119812012,0.6190639138221741,-6.379881381988525,0.5860399007797241,1.3054062128067017,0.4694367051124573,0.6868221759796143,0.5485395789146423,3.053492546081543,0.5684316158294678,-2.401700735092163,0.5383936166763306,1.3172624111175537,0.5432870984077454,-0.9119997620582581,0.47934389114379883,0.6915773749351501,0.4864892065525055,0.4081611633300781,0.45581719279289246
v24,G80,8.0,6.0,50,Mic147EB,0.1715293526649475,0.12566805555555555,0.8357751369476318,4.8724904744447555,-0.07407903671264648,1508.0809449916976,3033.4605364188715,3609.133333333333,100.26666666666667,-54.761905670166016,1.060523271560669,4.55357551574707,0.6107195615768433,-0.16673994064331055,0.7012113332748413,4.242932319641113,0.5947468876838684,1.150191068649292,0.5746172070503235,1.4115965366363525,0.4971621334552765,0.1630757749080658,0.5774620771408081,2.893554449081421,0.6009382605552673,-0.18459634482860565,0.5387511253356934,1.8602333068847656,0.5229000449180603,-0.9929980635643005,0.5821248292922974,0.1419922113418579,0.5551169514656067,-0.5229215025901794,0.4640946090221405
v24,G80,8.0,6.0,50,Mic46BE,0.14596353471279144,0.11731805555555555,0.6321058869361877,4.330573990140522,-0.03875374794006348,1746.7062414746733,2345.941402217392,4608.4,48.733333333333334,-58.66070556640625,0.9203640222549438,8.42867374420166,0.5695985555648804,-4.758674621582031,0.6817485690116882,6.587189197540283,0.576719343662262,0.5529153943061829,0.5193434357643127,-0.013680907897651196,0.47823402285575867,0.4713483154773712,0.5429584980010986,2.6862802505493164,0.5319297313690186,0.10274624824523926,0.5238056778907776,1.3368967771530151,0.5113118886947632,-1.116972804069519,0.482394278049469,0.03238106891512871,0.47883090376853943,-0.6820412278175354,0.4784168601036072
v24,G80,8.0,6.0,60,AccAxial4507,0.02669360861182213,0.20970277777777777,0.19589269161224365,7.338561618285144,0.22371983528137207,4840.945648726008,1433.3130186258095,5092.933333333333,4845.466666666666,-91.80220031738281,1.0808687210083008,3.837369680404663,1.5915447473526,-16.58772087097168,1.178662896156311,10.346620559692383,0.8176271915435791,-5.279500961303711,0.7293265461921692,2.129556894302368,0.5635653734207153,-0.0321287102997303,0.5869491100311279,3.9985878467559814,0.6796457767486572,1.2063558101654053,0.6291025876998901,-2.898236036300659,0.5906286835670471,0.6774244904518127,0.5439236760139465,3.3015928268432617,0.498994380235672,-0.43187010288238525,0.46125224232673645
v24,G80,8.0,6.0,60,AccRadial4507,0.139324352145195,0.24548333333333333,1.0,7.177496141936934,0.07124447822570801,5778.0428571429065,1217.7449494001773,6923.2,6506.0,-74.35991668701172,1.4087163209915161,4.029514789581299,1.9805151224136353,-19.31743621826172,1.362917423248291,13.386618614196777,0.956859827041626,-5.9714741706848145,0.7623897790908813,1.3524445295333862,0.5637182593345642,0.6626893281936646,0.6784473061561584,3.537848472595215,0.8244583606719971,-2.69344425201416,0.8023432493209839,1.1998368501663208,0.6583917737007141,-1.010696530342102,0.6744976043701172,0.8948352336883545,0.5020420551300049,0.3072253167629242,0.4622611105442047
v24,G80,8.0,6.0,60,Mic147EB,0.1816960871219635,0.11304027777777778,0.7860162854194641,4.325994565264637,-0.07367658615112305,1250.3262900209415,2782.435239577613,2353.6666666666665,99.86666666666666,-55.030174255371094,0.969058096408844,5.1899027824401855,0.6051584482192993,0.25846096873283386,0.7224791646003723,4.39402961730957,0.6179782152175903,1.0454468727111816,0.5866397023200989,1.1701241731643677,0.5380063056945801,0.10180015861988068,0.5712023377418518,2.8736417293548584,0.5622674822807312,-0.27470919489860535,0.5166357755661011,2.0058131217956543,0.5134551525115967,-1.059887170791626,0.5471217036247253,0.19834786653518677,0.5481337308883667,-0.4911859333515167,0.4792531132698059
v24,G80,8.0,6.0,60,Mic46BE,0.1275060474872589,0.10954722222222223,0.5709896683692932,4.478137936370034,-0.03992938995361328,1543.1300235249914,2252.1552981254813,4494.733333333334,99.86666666666666,-61.17975997924805,0.9316950440406799,8.8441743850708,0.549828290939331,-4.352668285369873,0.6884874105453491,6.794395446777344,0.598486065864563,0.4427250921726227,0.5502163767814636,-0.1487622857093811,0.5501977205276489,0.5538102388381958,0.5978294014930725,2.5984654426574707,0.6231635808944702,-0.10140164196491241,0.5040956735610962,1.5166140794754028,0.5337741374969482,-1.097001552581787,0.5282765030860901,0.04665708541870117,0.4954402446746826,-0.6564329862594604,0.46578872203826904
v24,G80,8.0,6.0,70,AccAxial4507,0.09715023636817932,0.2078347222222222,0.6054347157478333,6.231942796859092,0.5606808662414551,4760.6437658473615,1480.2209384648502,5049.6,4598.2,-74.96054077148438,1.2053111791610718,6.610058784484863,2.144848346710205,-16.358665466308594,1.7727934122085571,11.381234169006348,0.8734683990478516,-6.410383701324463,0.8018789291381836,2.9789085388183594,0.6211490631103516,-1.0615688562393188,0.5570946335792542,4.7898850440979,0.7226114869117737,-0.04615126922726631,0.7117812633514404,-2.100208282470703,0.6168177723884583,-0.13842327892780304,0.6234585046768188,3.8672561645507812,0.5584111213684082,-0.893755316734314,0.497048944234848
v24,G80,8.0,6.0,70,AccRadial4507,0.13713747262954712,0.24182638888888888,0.897872269153595,6.547242354239966,0.22120308876037598,5668.570053191853,1261.0018020725415,6848.066666666667,6570.533333333333,-73.33729553222656,1.2846848964691162,5.3021321296691895,2.047835350036621,-18.345489501953125,1.2542195320129395,12.950518608093262,0.9795166254043579,-5.745520114898682,0.7924279570579529,1.1975010633468628,0.6482692360877991,0.8951189517974854,0.6513004899024963,3.886686086654663,0.7257245182991028,-2.879728078842163,0.6965815424919128,1.5490268468856812,0.6449452042579651,-1.1499629020690918,0.6125524044036865,1.0909233093261719,0.5861830115318298,0.11564745754003525,0.5020194053649902
v24,G80,8.0,6.0,70,Mic147EB,0.1853885054588318,0.09091944444444444,0.8356890082359314,4.507771429343058,-0.2043440341949463,887.784348987599,2400.815596029979,1244.0,100.4,-56.733402252197266,1.2134597301483154,5.936945915222168,0.6615884304046631,1.257641077041626,0.9549776315689087,4.210138320922852,0.5106354355812073,0.9699200987815857,0.49476492404937744,1.1292773485183716,0.5221056938171387,0.18577618896961212,0.5083155035972595,2.939832925796509,0.5332886576652527,0.03810044750571251,0.5148555040359497,2.403823137283325,0.5679388642311096,-0.9602017998695374,0.4701457917690277,0.03886761888861656,0.49241605401039124,-0.6852102279663086,0.4579943120479584
v24,G80,8.0,6.0,70,Mic46BE,0.12654948234558105,0.09691111111111111,0.5658825635910034,4.47163080482378,-0.13394546508789062,1211.0983351231523,2143.2813404614467,4112.933333333333,100.4,-62.6859016418457,1.0843102931976318,9.203523635864258,0.6249967813491821,-3.444995164871216,0.9744968414306641,7.192885875701904,0.5716197490692139,0.7834894061088562,0.544735312461853,-0.24634911119937897,0.513453483581543,0.5663303136825562,0.5649457573890686,2.310394525527954,0.600359320640564,-0.15674005448818207,0.4709409177303314,1.9969581365585327,0.6620973348617554,-0.7551765441894531,0.4852292835712433,0.12439580261707306,0.5087106227874756,-0.580822229385376,0.4695504605770111
v24,G80,8.0,7.5,0,AccAxial4507,0.18856298923492432,0.3026611111111111,1.0,5.303267645773973,0.3249952793121338,7223.006143373375,2456.77701046317,9614.4,9538.533333333333,-69.3762435913086,2.7851028442382812,-1.729103922843933,2.8044233322143555,-18.615028381347656,1.6099340915679932,11.4210205078125,1.1460927724838257,-7.515659809112549,0.7436563968658447,5.835374355316162,0.862461507320404,-1.5264503955841064,0.7907007932662964,4.099674701690674,0.8571996092796326,-0.9941364526748657,0.7952019572257996,-1.9334391355514526,0.6430066227912903,-0.5440376400947571,0.606356143951416,3.1126861572265625,0.6054039001464844,-1.5350289344787598,0.5949240326881409
v24,G80,8.0,7.5,0,AccRadial4507,0.18769720196723938,0.2765152777777778,1.0,5.327729926280626,0.184004545211792,6589.114086542845,1276.1202883903525,7421.333333333333,7125.066666666667,-72.88887023925781,3.123671531677246,-3.3234212398529053,2.8830904960632324,-18.72156524658203,1.800276756286621,13.027008056640625,1.2339370250701904,-7.930955410003662,0.9936050176620483,3.2656667232513428,0.750442385673523,-1.288977861404419,0.7597560286521912,1.1538017988204956,0.9378499388694763,-3.5841445922851562,0.9091693162918091,1.6256335973739624,0.8696606755256653,-0.6123552322387695,0.9686304926872253,0.39905592799186707,0.7394164800643921,-0.28266942501068115,0.718673586845398
v24,G80,8.0,7.5,0,Mic147EB,0.20603184401988983,0.22014305555555555,1.0,4.853618646947908,0.05447030067443848,4065.9499973309794,4148.932888264134,8629.0,99.93333333333334,-49.1365966796875,2.5994088649749756,1.341407060623169,1.4370533227920532,-2.475788116455078,0.8441108465194702,4.5452399253845215,0.5702651143074036,1.1452215909957886,0.7391996383666992,1.8538870811462402,0.6307278871536255,-0.7770470976829529,0.7718973159790039,1.5454181432724,0.5805037617683411,-0.4498032331466675,0.5315688848495483,0.8121882081031799,0.5007503032684326,-0.08767718821763992,0.50406813621521,1.1825647354125977,0.5136826038360596,-0.843710720539093,0.674217939376831
v24,G80,8.0,7.5,0,Mic46BE,0.2063717097043991,0.17684444444444444,1.0,4.845625407825381,0.09389829635620117,3633.964604141913,2375.0081051040297,5659.8,99.93333333333334,-53.843441009521484,2.218282461166382,6.387942314147949,1.15492582321167,-8.158031463623047,0.7075377106666565,7.696291923522949,0.623311460018158,0.583268404006958,0.7401303648948669,0.8100160956382751,0.6570450067520142,-0.7447482943534851,0.7543445825576782,1.5708767175674438,0.6143021583557129,-0.560151994228363,0.5279010534286499,0.45506611466407776,0.4989836812019348,-0.25068971514701843,0.5127140283584595,1.037333369255066,0.5267054438591003,-0.6360599398612976,0.6964921951293945
v24,G80,8.0,7.5,100,AccAxial4507,0.051529720425605774,0.22976944444444444,1.0,19.40627645057215,0.7542359828948975,5302.375485723894,1675.6580178700272,7625.733333333334,4989.2,-83.5689697265625,1.1401104927062988,1.4303418397903442,2.07826828956604,-17.746370315551758,1.1569396257400513,11.34986686706543,0.8844791650772095,-5.834739685058594,0.712063729763031,3.5272445678710938,0.6317591667175293,-0.5799126029014587,0.7207897901535034,4.133123874664307,0.6995041370391846,0.1667235940694809,0.8562681674957275,-1.7489972114562988,0.7388014197349548,0.19700674712657928,0.6117735505104065,3.2377851009368896,0.5438693761825562,-0.5246365070343018,0.48868343234062195
v24,G80,8.0,7.5,100,AccRadial4507,0.1264740526676178,0.2572111111111111,0.7180976271629333,5.677825704297953,0.04243636131286621,6107.08169367187,1035.0491164138095,7009.4,6324.466666666666,-77.82632446289062,1.3366196155548096,0.8023280501365662,2.398491621017456,-18.948564529418945,1.4004443883895874,13.807494163513184,1.0496950149536133,-5.7495574951171875,0.6570090055465698,1.6032887697219849,0.6318356394767761,0.5881693363189697,0.7951242327690125,2.142115592956543,0.9119709730148315,-3.3946921825408936,1.0341644287109375,2.1050074100494385,0.9431580305099487,-0.6290803551673889,0.8202371001243591,0.8127041459083557,0.5720536708831787,0.26370295882225037,0.4922584891319275
v24,G80,8.0,7.5,100,Mic147EB,0.14020434021949768,0.13173055555555555,0.6744374632835388,4.810389337645821,-0.09116744995117188,1662.1984798647732,3170.3764434605514,4435.466666666666,100.26666666666667,-56.915611267089844,1.4894567728042603,4.273725509643555,0.8479412794113159,-0.7225404381752014,0.7005393505096436,4.827116012573242,0.5482933521270752,1.6184176206588745,0.5258098840713501,1.8315669298171997,0.5508122444152832,0.015899216756224632,0.5153775811195374,1.9767574071884155,0.5119150280952454,-0.8681142926216125,0.5129187107086182,1.8371186256408691,0.5391203165054321,-0.5537025928497314,0.4668216407299042,0.9150684475898743,0.5216830968856812,-0.2606014013290405,0.49312824010849
v24,G80,8.0,7.5,100,Mic46BE,0.10888879001140594,0.12733333333333333,0.519172191619873,4.767912211766616,-0.026299715042114258,1996.208644989456,2500.7391684606305,5011.8,100.26666666666667,-62.158203125,1.2478437423706055,8.174429893493652,0.8301095962524414,-5.364372730255127,0.6642791032791138,7.148931980133057,0.5471440553665161,1.0986557006835938,0.5528200268745422,0.5255486965179443,0.5201519727706909,0.6178964376449585,0.546114444732666,1.752831220626831,0.543522298336029,-0.9135513305664062,0.4707750380039215,1.0408082008361816,0.5430227518081665,-0.7250165939331055,0.5033369660377502,0.9921236038208008,0.44166964292526245,-0.02462797798216343,0.5680363178253174
v24,G80,8.0,7.5,30,AccAxial4507,0.13596761226654053,0.26539583333333333,0.7670873403549194,5.641691632057052,0.4279062747955322,6242.757709256337,2327.700727179895,9595.8,9739.666666666666,-71.5734634399414,1.1157166957855225,-2.4057114124298096,1.2039791345596313,-19.11963653564453,1.0401371717453003,10.541754722595215,0.7001003623008728,-7.299561023712158,0.6824888586997986,5.7700676918029785,0.6319920420646667,-1.3219774961471558,0.566586434841156,5.132532119750977,0.797944962978363,-0.815605103969574,0.564704179763794,-0.7627695202827454,0.8389434814453125,-0.1015065610408783,0.4955407679080963,2.99726939201355,0.4721030294895172,-0.8683255910873413,0.6185954213142395
v24,G80,8.0,7.5,30,AccRadial4507,0.17877915501594543,0.271575,1.0,5.5934932677739155,0.2782766819000244,6466.643834337713,1172.9274793090071,7335.0,6779.733333333334,-73.34148406982422,1.0584076642990112,-3.6972572803497314,1.3740043640136719,-19.109010696411133,0.9932796955108643,12.240378379821777,0.6525688171386719,-7.7385478019714355,0.8776955008506775,3.401146650314331,0.6816413402557373,-0.7149814367294312,0.6793280839920044,2.393284797668457,0.9303289651870728,-3.2698824405670166,0.5844677090644836,2.759568214416504,0.7716562747955322,-0.10958706587553024,0.5781787037849426,0.6765126585960388,0.5720383524894714,0.3841114342212677,0.5748369693756104
v24,G80,8.0,7.5,30,Mic147EB,0.18390561640262604,0.2274861111111111,0.9801018834114075,5.32937439640594,0.2463686466217041,4233.693817302853,4388.334114444722,8793.0,100.0,-49.98453140258789,2.2477362155914307,0.7830095887184143,0.789764940738678,-2.0206871032714844,0.6218197345733643,4.143237113952637,0.5091228485107422,1.574059247970581,0.6485121846199036,1.7847460508346558,0.5181074738502502,-0.6130259037017822,0.5612807273864746,1.6447570323944092,0.5424861311912537,-0.8099439740180969,0.48031315207481384,1.1111340522766113,0.5267578959465027,-0.10633725672960281,0.4586612582206726,0.821155309677124,0.46816471219062805,-0.9451547861099243,0.47246384620666504
v24,G80,8.0,7.5,30,Mic46BE,0.17508330941200256,0.1780138888888889,0.8937054872512817,5.104458501799459,0.26186466217041016,3668.193188621014,2455.5406664849183,5768.666666666667,48.8,-54.908546447753906,2.0992751121520996,5.507007122039795,0.7640495300292969,-7.335148334503174,0.6394518613815308,7.055469036102295,0.49884089827537537,1.1391836404800415,0.6030168533325195,0.6046855449676514,0.5105443596839905,-0.295444518327713,0.5445986390113831,1.4390658140182495,0.5515157580375671,-0.8611528873443604,0.4776986241340637,0.6821278929710388,0.47496047616004944,-0.21508082747459412,0.4709084630012512,0.6501195430755615,0.44843044877052307,-0.6440051198005676,0.45299032330513
v24,G80,8.0,7.5,40,AccAxial4507,0.055953532457351685,0.25020694444444447,0.4635155498981476,8.283937216143476,0.3935830593109131,5841.1424027660305,2135.6471731901734,8533.266666666666,4957.933333333333,-81.62030792236328,1.5072314739227295,-1.4737147092819214,1.683107614517212,-18.168424606323242,1.361377239227295,10.341301918029785,0.8356637358665466,-6.67666482925415,0.7732508182525635,4.684371471405029,0.6692609786987305,-1.1814936399459839,0.7386617064476013,4.361847877502441,0.770965039730072,-0.7005726099014282,0.837623655796051,-1.334326982498169,0.7453415393829346,0.08689059317111969,0.5610976815223694,2.7756996154785156,0.5374872088432312,-0.4529424011707306,0.5096423029899597
v24,G80,8.0,7.5,40,AccRadial4507,0.14447948336601257,0.2672611111111111,1.0,6.921397950092896,0.3539550304412842,6372.971999535177,1132.7696318625797,7253.933333333333,6882.866666666667,-75.50143432617188,1.6890443563461304,-2.3895812034606934,2.097834587097168,-18.555072784423828,1.4577736854553223,12.6196928024292,0.9254037737846375,-7.054768085479736,1.0419732332229614,2.944998025894165,0.6312445998191833,-0.6746582388877869,0.8031518459320068,2.1611692905426025,0.8523451685905457,-3.761746406555176,0.9933739304542542,2.339141607284546,0.913244366645813,-0.47223570942878723,0.7934750318527222,0.38042449951171875,0.6859149932861328,0.3702254295349121,0.48370587825775146
v24,G80,8.0,7.5,40,Mic147EB,0.17938962578773499,0.1975736111111111,1.0,5.574458364628412,0.19005179405212402,3446.490079363429,4141.822910301938,6885.599999999999,100.0,-51.11270523071289,2.307697057723999,1.670932650566101,0.8949555158615112,-1.777369737625122,0.6967414617538452,4.362796306610107,0.530806303024292,1.8914729356765747,0.6051775217056274,1.9408900737762451,0.5358396768569946,-0.42670145630836487,0.5066651105880737,1.7707921266555786,0.5008711814880371,-0.9183126091957092,0.49833983182907104,1.3641008138656616,0.49349772930145264,-0.09038110077381134,0.51529461145401,0.8251695036888123,0.48694273829460144,-0.6816667914390564,0.5073491930961609
v24,G80,8.0,7.5,40,Mic46BE,0.16371962428092957,0.16406944444444443,0.9193304777145386,5.615273561445769,0.3135340213775635,3264.8129357018975,2505.7894526201144,5563.333333333333,100.0,-56.08784484863281,2.1871213912963867,6.268896102905273,0.8293010592460632,-6.9461350440979,0.7514588832855225,7.037397384643555,0.5144346356391907,1.3806300163269043,0.5497129559516907,0.6909851431846619,0.5655037760734558,-0.10784473270177841,0.561799168586731,1.5339603424072266,0.5279680490493774,-0.941902756690979,0.505522608757019,0.9105902314186096,0.47892531752586365,-0.2230333387851715,0.49458247423171997,0.8285326361656189,0.48320382833480835,-0.5550556182861328,0.5040140151977539
v24,G80,8.0,7.5,50,AccAxial4507,0.049605172127485275,0.22676805555555554,1.0,20.159188187675277,0.7947218418121338,5219.012870096609,1689.7774878901573,7478.266666666666,4688.266666666666,-84.05854034423828,1.177552580833435,1.4155064821243286,1.8190125226974487,-17.937145233154297,0.8434438705444336,10.851551055908203,0.7633410692214966,-5.951695442199707,0.6945372223854065,3.5057566165924072,0.5858203768730164,-0.7053694128990173,0.6615332961082458,4.2557902336120605,0.7070666551589966,0.5408283472061157,0.8954865336418152,-1.7887126207351685,0.5588845014572144,0.35981324315071106,0.524989128112793,3.362135410308838,0.5492268204689026,-0.5515487194061279,0.4669680893421173
v24,G80,8.0,7.5,50,AccRadial4507,0.1182498037815094,0.2549152777777778,0.6801390647888184,5.7517141089342845,0.04698634147644043,6047.093545489532,1067.9189100636438,7003.666666666667,6770.2,-78.36858367919922,1.052653431892395,0.540479838848114,1.917367935180664,-19.413358688354492,0.9702526330947876,13.290704727172852,0.7888597846031189,-5.872216701507568,0.5930893421173096,1.622147798538208,0.5554251670837402,0.7243816256523132,0.6745336651802063,2.651623249053955,0.7902135252952576,-2.934950828552246,0.9009893536567688,1.9699254035949707,0.6296613812446594,-0.4961450695991516,0.5809486508369446,0.8966137170791626,0.5578668713569641,0.25242379307746887,0.4811808466911316
v24,G80,8.0,7.5,50,Mic147EB,0.12618902325630188,0.13054722222222223,0.5742174386978149,4.550454737505376,-0.04370999336242676,1621.9004130276387,3144.5602752554837,4365.0,99.8,-58.40348815917969,1.7031419277191162,4.576358318328857,0.8434557318687439,-0.51644366979599,0.6833346486091614,4.696807384490967,0.5240204334259033,1.5547802448272705,0.5227710604667664,1.6702641248703003,0.5692840218544006,0.02246869169175625,0.5787827372550964,2.226200580596924,0.5553756356239319,-1.1704350709915161,0.4884031414985657,1.6922047138214111,0.5090805292129517,-0.5834484100341797,0.48744624853134155,0.7843191027641296,0.5119436979293823,-0.11807768046855927,0.5033529996871948
v24,G80,8.0,7.5,50,Mic46BE,0.120974600315094,0.1257375,0.670505166053772,5.542528467193564,0.06569647789001465,1973.5592812719733,2485.332626358665,4977.4,99.8,-60.99625015258789,1.602147102355957,8.320768356323242,0.7496175169944763,-5.1320414543151855,0.758553147315979,7.107524394989014,0.5297877788543701,1.1353466510772705,0.5550457239151001,0.2501121163368225,0.5352452993392944,0.44607067108154297,0.5562361478805542,2.0212819576263428,0.5056027770042419,-0.9769756197929382,0.4798189103603363,1.0845246315002441,0.4984219968318939,-0.6992368698120117,0.4700782597064972,0.8838216662406921,0.4610004425048828,-0.05255769565701485,0.4988384246826172
v24,G80,8.0,7.5,60,AccAxial4507,0.11465461552143097,0.23934444444444444,1.0,8.72184687421574,0.0837869644165039,5487.132593524321,1973.3001372074577,8074.133333333333,4800.866666666667,-71.16061401367188,1.141266942024231,0.21838968992233276,2.217229127883911,-17.837791442871094,1.3068886995315552,10.328418731689453,0.7171177268028259,-6.863999843597412,0.6063603758811951,4.782881259918213,0.736925482749939,-1.4178093671798706,0.720940351486206,5.145443439483643,0.745945394039154,-1.045204997062683,0.7555178999900818,-0.4928329586982727,0.6923834085464478,-0.5367751717567444,0.6574941873550415,3.274233818054199,0.5840792059898376,-0.6897966861724854,0.5517058372497559
v24,G80,8.0,7.5,60,AccRadial4507,0.17006105184555054,0.2652097222222222,0.98965984582901,5.8194385786101055,0.07887911796569824,6287.278303422737,1118.21961765517,7215.066666666667,6517.6,-72.00833129882812,1.4507105350494385,-0.9603795409202576,2.5983505249023438,-18.21198272705078,1.4775235652923584,12.15484619140625,0.8412590622901917,-7.02030611038208,0.639656662940979,2.6264021396636963,0.7781872153282166,-0.36088526248931885,0.8177520632743835,2.7826826572418213,0.8523645997047424,-3.8179633617401123,0.9266239404678345,2.7125284671783447,0.8163659572601318,-1.124131679534912,0.9609217643737793,0.47042667865753174,0.6478301882743835,0.32384511828422546,0.5707513093948364
v24,G80,8.0,7.5,60,Mic147EB,0.1945011168718338,0.1809875,0.9383825659751892,4.82456132420841,-0.026985883712768555,2841.7363901895224,3950.2372920546572,6135.533333333333,99.93333333333334,-50.2818717956543,1.2600990533828735,2.4442055225372314,0.8527590036392212,-1.4317368268966675,0.5371235609054565,4.276912689208984,0.5366963744163513,2.0383260250091553,0.49121028184890747,1.5541565418243408,0.4776971638202667,-0.21061743795871735,0.5123751163482666,2.0796666145324707,0.4638115167617798,-0.8889188766479492,0.4820854663848877,1.3530888557434082,0.4611343443393707,-0.24006737768650055,0.44762513041496277,0.769126832485199,0.4478563070297241,-0.5103033185005188,0.4439496099948883
v24,G80,8.0,7.5,60,Mic46BE,0.15572059154510498,0.1557388888888889,0.877423107624054,5.634599117033956,0.04494214057922363,2920.9574464536054,2500.067660070309,5407.133333333333,99.93333333333334,-56.90165710449219,1.345037579536438,7.149794101715088,0.7995486855506897,-6.7814483642578125,0.5577547550201416,7.005485534667969,0.5304536819458008,1.6735243797302246,0.5128967761993408,0.47943374514579773,0.473158597946167,0.006137284450232983,0.5010503530502319,1.9578330516815186,0.4624134600162506,-1.0445789098739624,0.47110047936439514,0.8819803595542908,0.4772924482822418,-0.35086867213249207,0.43276336789131165,0.7023949027061462,0.4602915346622467,-0.4170103371143341,0.45438089966773987
v24,G80,8.0,7.5,70,AccAxial4507,0.06766211241483688,0.2420986111111111,0.40744540095329285,6.021765895442966,0.16493725776672363,5578.715527920755,2021.2209791035878,8161.866666666667,4842.333333333333,-78.5811538696289,0.9519016742706299,-0.8725446462631226,1.851643681526184,-18.25574493408203,1.1291621923446655,9.898052215576172,0.6793007850646973,-6.841192245483398,0.549289882183075,4.531381130218506,0.8525442481040955,-1.1672534942626953,0.6138948202133179,4.7920613288879395,0.6497781276702881,-0.6698082685470581,0.6408273577690125,-0.9936835765838623,0.6487827301025391,-0.248039111495018,0.5867268443107605,3.0418646335601807,0.5389019250869751,-0.6000843644142151,0.46893030405044556
v24,G80,8.0,7.5,70,AccRadial4507,0.16812345385551453,0.26530555555555557,1.0,5.948010090605211,0.1761608123779297,6304.722630918599,1102.7446857287862,7216.066666666667,6129.4,-73.15489959716797,0.9864506125450134,-1.942715048789978,2.1119043827056885,-18.931934356689453,1.132785439491272,11.915427207946777,0.7736624479293823,-7.099669933319092,0.6557201147079468,2.677060604095459,0.7796045541763306,-0.3767969310283661,0.8004750609397888,2.655301809310913,0.7192530035972595,-3.806405544281006,0.7377203702926636,2.6729490756988525,0.7218729853630066,-0.9251520037651062,0.8263928890228271,0.4479840099811554,0.542928159236908,0.28514039516448975,0.469105064868927
v24,G80,8.0,7.5,70,Mic147EB,0.15318019688129425,0.19425138888888888,0.8932648301124573,5.83146417290928,0.10733270645141602,3256.1431947663914,4108.75978465172,6505.666666666667,99.46666666666667,-52.99270248413086,1.9066892862319946,1.9930939674377441,0.9585561752319336,-1.6212334632873535,0.563410222530365,4.308788776397705,0.5089381337165833,1.8456428050994873,0.5460933446884155,1.6009011268615723,0.5312185883522034,-0.3827105760574341,0.5723114609718323,1.897099256515503,0.48592686653137207,-0.8539642095565796,0.46578249335289,1.38550865650177,0.4880090057849884,-0.2658810615539551,0.49800175428390503,0.7986570000648499,0.4961152672767639,-0.684643030166626,0.4847627282142639
v24,G80,8.0,7.5,70,Mic46BE,0.16661085188388824,0.16240555555555555,0.934247612953186,5.607363520380214,0.18409204483032227,3169.4456656083867,2506.773580285609,5540.733333333334,99.46666666666667,-55.857112884521484,1.8487681150436401,6.649490833282471,0.8758324980735779,-6.922802925109863,0.5454251170158386,7.087371826171875,0.5263285040855408,1.4172987937927246,0.5565416216850281,0.48883724212646484,0.5169926285743713,-0.1551816463470459,0.5884295701980591,1.6762733459472656,0.5207917094230652,-0.9770307540893555,0.5082616209983826,0.8664014935493469,0.46364253759384155,-0.41988909244537354,0.4694504737854004,0.7713180184364319,0.5224999189376831,-0.46411409974098206,0.5082852244377136
v24,G80,8.0,7.0,0,AccAxial4507,0.17942874133586884,0.26787638888888887,1.0,5.573243130141126,0.05364036560058594,6151.122473228242,2315.312716867489,9471.866666666667,4957.6,-67.77487182617188,0.809658408164978,-2.7644190788269043,0.8046674728393555,-19.133970260620117,0.8133965134620667,10.694567680358887,0.654729425907135,-7.339861869812012,0.5981363654136658,6.2388811111450195,0.6564624309539795,-1.3643512725830078,0.5689365267753601,5.26976203918457,0.6259112358093262,-1.0903393030166626,0.5339826941490173,-1.0353344678878784,0.5598039627075195,-0.3644513189792633,0.5568596124649048,2.938873529434204,0.47211989760398865,-1.204526424407959,0.5142248272895813
v24,G80,8.0,7.0,0,AccRadial4507,0.2101203054189682,0.27521388888888887,1.0,4.759178309807115,0.04206967353820801,6533.445069979728,1177.9974652949888,7319.4,7059.266666666666,-71.73926544189453,1.0968444347381592,-4.642281532287598,0.8833454251289368,-19.284982681274414,0.7612345814704895,12.304551124572754,0.6556307673454285,-7.912454605102539,0.6350753307342529,3.953289270401001,0.7055036425590515,-0.6832566857337952,0.5632155537605286,2.3168063163757324,0.5852821469306946,-3.214367628097534,0.6189590692520142,2.708434581756592,0.6490022540092468,-0.041751060634851456,0.5448112487792969,0.5069674849510193,0.47619205713272095,0.10111474245786667,0.5252927541732788
v24,G80,8.0,7.0,0,Mic147EB,0.2015572190284729,0.21774305555555556,1.0,4.96137029881691,0.025270462036132812,3836.0228916590863,4213.38108518891,7793.266666666666,99.66666666666667,-49.004173278808594,1.1119545698165894,1.2348164319992065,0.7941457629203796,-2.0555498600006104,0.658069372177124,4.35594367980957,0.5103700160980225,1.4046579599380493,0.6904826760292053,1.9784560203552246,0.5240746736526489,-0.657868504524231,0.56027752161026,1.8169246912002563,0.5108393430709839,-0.5577029585838318,0.5430091619491577,0.7767396569252014,0.5280888676643372,-0.08366555720567703,0.5044790506362915,0.8787232041358948,0.48579978942871094,-0.7547065615653992,0.5126296877861023
v24,G80,8.0,7.0,0,Mic46BE,0.1796705275774002,0.1715625,0.9383493661880493,5.222611514756187,0.10295248031616211,3425.751403758246,2374.4797489320827,5543.466666666666,99.66666666666667,-55.244140625,1.0344939231872559,6.736097812652588,0.6580986380577087,-7.890264987945557,0.6308227181434631,7.437492847442627,0.502826452255249,0.6980190873146057,0.7392545342445374,0.8034858107566833,0.5714985728263855,-0.435488224029541,0.5681551098823547,1.855998158454895,0.5211256742477417,-0.8583515286445618,0.5477267503738403,0.4053845703601837,0.5177536010742188,-0.33646196126937866,0.5153137445449829,0.7809701561927795,0.5128141045570374,-0.5392037630081177,0.5343148112297058
v24,G80,8.0,7.0,100,AccAxial4507,0.062494244426488876,0.22707083333333333,1.0,16.001473562518004,1.3143396377563477,5037.031245780456,2059.3891941907314,7846.133333333333,4950.666666666667,-76.09308624267578,1.4701762199401855,7.932200908660889,1.756571888923645,-14.386242866516113,0.8042950630187988,11.161279678344727,1.1957718133926392,-7.2031965255737305,0.942395031452179,2.8889548778533936,0.6326954364776611,-0.9040080904960632,0.721733808517456,3.6189939975738525,0.6520756483078003,-0.683234453201294,0.5608404874801636,-1.9610692262649536,0.5490878820419312,-0.741277277469635,0.6500164270401001,3.0997238159179688,0.5038492679595947,-0.7527115345001221,0.5599223971366882
v24,G80,8.0,7.0,100,AccRadial4507,0.15329508483409882,0.25132777777777776,0.8985794186592102,5.8617627540484,0.31179165840148926,5895.75619204707,1205.9131979375506,6832.066666666667,6568.466666666666,-71.30753326416016,1.3999698162078857,6.234241008758545,1.5874669551849365,-17.58258628845215,0.7866673469543457,12.337937355041504,1.1822837591171265,-6.879894733428955,0.787309467792511,1.195078730583191,0.6180453896522522,1.2982630729675293,0.5776845812797546,3.109471321105957,0.6277564764022827,-3.382549285888672,0.6528866291046143,2.3653926849365234,0.6239504218101501,-1.3366541862487793,0.6550662517547607,0.36825188994407654,0.5306424498558044,0.20794755220413208,0.6072534918785095
v24,G80,8.0,7.0,100,Mic147EB,0.19113902747631073,0.054283333333333336,0.7246684432029724,3.7913159482449807,-0.5814869403839111,482.907570997247,1659.7454099030608,222.73333333333332,100.0,-60.36137390136719,0.6949155926704407,7.617164134979248,0.4762711822986603,2.2367589473724365,0.5273194313049316,4.481297016143799,0.5560336112976074,0.8968498706817627,0.47998157143592834,1.338146686553955,0.5626298785209656,0.4948786795139313,0.4517432451248169,2.886434316635132,0.49843063950538635,-0.11218588799238205,0.47501686215400696,2.7876992225646973,0.47216716408729553,-0.5983309149742126,0.5146811008453369,-0.19267405569553375,0.47056734561920166,-0.4601273834705353,0.4891553521156311
v24,G80,8.0,7.0,100,Mic46BE,0.13108547031879425,0.0631513888888889,0.5172973871231079,3.9462602976902232,-0.4609706401824951,660.6950434825202,1616.7227462627475,551.4666666666667,100.0,-65.72614288330078,0.6239534616470337,10.819293022155762,0.5490662455558777,-2.3019330501556396,0.5442912578582764,7.127202987670898,0.5830662846565247,0.6728178858757019,0.4880183935165405,0.07991069555282593,0.5487642884254456,0.9740359783172607,0.48349782824516296,2.490703821182251,0.5501481890678406,-0.3260188400745392,0.5705394744873047,2.1864616870880127,0.46990424394607544,-0.41040828824043274,0.5442734360694885,-0.027415072545409203,0.46747708320617676,-0.5044126510620117,0.4939861595630646
v24,G80,8.0,7.0,30,AccAxial4507,0.09194570779800415,0.20376944444444445,0.9003099799156189,9.791756477567317,1.445845603942871,6036.368032472003,2358.243370191711,9243.2,4981.666666666667,-89.43194580078125,26.970638275146484,0.7800431847572327,6.090603351593018,-13.449082374572754,9.293532371520996,8.00783920288086,4.170172691345215,-5.077070236206055,3.867398977279663,4.681858539581299,1.7434531450271606,-0.5987902879714966,1.7099769115447998,3.775294542312622,1.8051799535751343,-0.870881974697113,0.7129027843475342,-1.4193800687789917,0.796538770198822,-0.20500220358371735,0.90308678150177,2.607686996459961,0.5599625110626221,-0.3421183228492737,1.0895730257034302
v24,G80,8.0,7.0,30,AccRadial4507,0.1560460478067398,0.21297083333333333,1.0,6.408364800359967,1.1501235961914062,6474.946087474803,1168.9070039275723,7280.666666666667,6315.266666666666,-89.0345687866211,26.52475357055664,-0.628794252872467,7.099311351776123,-13.932540893554688,9.08891487121582,9.080132484436035,5.459157943725586,-5.711533069610596,4.060928821563721,2.9960434436798096,1.0076789855957031,-0.1378597617149353,1.4123389720916748,1.6613637208938599,1.1798962354660034,-3.225099802017212,0.9116208553314209,0.9887092709541321,2.026660203933716,-0.2875659167766571,0.7824698090553284,0.8207648992538452,1.0437169075012207,0.8456555008888245,1.2701693773269653
v24,G80,8.0,7.0,30,Mic147EB,0.19273769855499268,0.1678125,1.0,5.188398572242348,0.9049146175384521,3890.273825992171,4130.07327296655,7500.333333333333,99.86666666666666,-57.3535270690918,16.72579574584961,6.228921413421631,8.72353744506836,-1.5178793668746948,1.7619872093200684,3.942333221435547,0.7780925631523132,0.7054901719093323,1.0693405866622925,1.515979290008545,0.7265170812606812,-0.8349012732505798,0.6424062252044678,1.4916033744812012,0.5675732493400574,-0.4688107371330261,0.6386941075325012,1.1889857053756714,0.5700255036354065,-0.1629888117313385,0.5194867849349976,0.9539762139320374,0.5444594621658325,-0.662654459476471,0.577006995677948
v24,G80,8.0,7.0,30,Mic46BE,0.14532962441444397,0.13591111111111112,1.0,6.880909546344443,1.0693082809448242,3522.4357289388786,2350.8826829819427,5592.466666666666,99.86666666666666,-65.45415496826172,16.661758422851562,10.466132164001465,7.869326591491699,-6.733001708984375,2.0185890197753906,6.671331882476807,0.9401075839996338,0.71109539270401,0.6323755383491516,0.42754241824150085,0.6824262738227844,-0.33320939540863037,0.8926092386245728,1.402872920036316,0.6448521018028259,-0.5060274004936218,0.6364282369613647,0.6932080984115601,0.5053327679634094,-0.2780044376850128,0.5574413537979126,0.702213704586029,0.6034822463989258,-0.48002198338508606,0.5908483266830444
v24,G80,8.0,7.0,40,AccAxial4507,0.031192760914564133,0.23769583333333333,1.0,32.058720378711094,7.741607666015625,5428.995433735887,1938.2800825400986,8011.599999999999,4967.266666666666,-88.04264068603516,1.6151193380355835,-1.0228275060653687,1.8215056657791138,-17.250303268432617,1.173459529876709,9.828675270080566,0.8437997698783875,-5.865334987640381,0.7289270758628845,4.0117034912109375,0.6263822317123413,-0.8405029773712158,0.7696638703346252,4.3511433601379395,0.7395872473716736,-0.43189361691474915,0.9887111783027649,-1.2956944704055786,0.7146283984184265,0.21869660913944244,0.568396806716919,2.7746050357818604,0.6364469528198242,-0.15219533443450928,0.4592368006706238
v24,G80,8.0,7.0,40,AccRadial4507,0.14505444467067719,0.2636722222222222,0.8022060990333557,5.530379305885013,0.06832146644592285,6260.958733061194,1086.419621405214,7158.866666666667,6124.6,-75.0029525756836,1.660817265510559,-1.738309383392334,2.041999340057373,-18.3549747467041,1.3553268909454346,12.61063003540039,1.0523244142532349,-6.491247653961182,0.8198632001876831,2.6314330101013184,0.6847721338272095,-0.40222299098968506,0.8493703007698059,2.6350061893463135,0.863058865070343,-3.8469152450561523,1.1128697395324707,2.6916730403900146,0.9836523532867432,-0.683528482913971,0.7631212472915649,0.4425457715988159,0.7747339606285095,0.3426365852355957,0.5077104568481445
v24,G80,8.0,7.0,40,Mic147EB,0.16150668263435364,0.16921388888888889,0.8769770860671997,5.429973990937886,0.03328084945678711,2584.0882333039103,3636.617164634157,5840.666666666667,100.0,-53.0031623840332,1.3448306322097778,3.0639848709106445,0.7285334467887878,-1.799580454826355,0.5424224734306335,4.551942348480225,0.5148473381996155,1.8487153053283691,0.5026194453239441,1.6138194799423218,0.514065682888031,-0.2190801501274109,0.5641607642173767,1.811238408088684,0.5002917647361755,-0.970798134803772,0.4898836016654968,1.5593730211257935,0.48963847756385803,-0.32675015926361084,0.46202436089515686,0.7823907732963562,0.47020643949508667,-0.40929529070854187,0.4755619764328003
v24,G80,8.0,7.0,40,Mic46BE,0.1485271155834198,0.1547638888888889,0.8373347520828247,5.637588455102922,0.06606817245483398,2844.9449080941704,2535.2992048183464,5431.0,99.6,-57.417335510253906,1.2736907005310059,7.241607666015625,0.7191734910011292,-6.668064594268799,0.5981458425521851,7.1227126121521,0.5446103811264038,1.3509612083435059,0.492544561624527,0.3453387916088104,0.5189605951309204,0.06591582298278809,0.5556459426879883,1.6753257513046265,0.5033501982688904,-0.8175676465034485,0.5369197726249695,1.1137703657150269,0.49772214889526367,-0.452560156583786,0.45024219155311584,0.6937143802642822,0.5041505098342896,-0.4848319888114929,0.5075668692588806
v24,G80,8.0,7.0,50,AccAxial4507,0.0430990569293499,0.22738194444444446,1.0,23.202363839172847,1.3962469100952148,5276.652006988485,1537.7394664060553,6962.933333333333,4956.8,-86.40117645263672,1.1890690326690674,1.4273343086242676,1.3742456436157227,-17.051551818847656,1.0271787643432617,11.616515159606934,0.8762425780296326,-5.517911434173584,0.6949591040611267,3.190826416015625,0.5749891400337219,-0.2979438900947571,0.5826332569122314,4.114294528961182,0.6365218758583069,0.06270621716976166,0.6201493144035339,-1.8467164039611816,0.5890065431594849,0.6169090867042542,0.5368773341178894,3.0195868015289307,0.49144676327705383,-0.6746997833251953,0.4646838307380676
v24,G80,8.0,7.0,50,AccRadial4507,0.13535034656524658,0.2523236111111111,0.7261970043182373,5.365313224138432,0.10199284553527832,5974.208054193262,978.3597352571434,6895.733333333334,5383.933333333333,-78.25012969970703,1.190048336982727,0.15934891998767853,1.5360760688781738,-18.920135498046875,1.1521472930908203,14.103781700134277,0.9789594411849976,-5.3629536628723145,0.7043736577033997,1.7356144189834595,0.5847367644309998,1.0546337366104126,0.7027701139450073,2.780759572982788,0.7342602014541626,-3.4880242347717285,0.8025839924812317,2.344106912612915,0.8111464381217957,-0.2067422866821289,0.6474147439002991,0.7551652789115906,0.5753009915351868,-0.04915010556578636,0.46021994948387146
v24,G80,8.0,7.0,50,Mic147EB,0.12711544334888458,0.11584583333333333,0.5668650269508362,4.459450496467237,-0.09993600845336914,1342.4879491814247,2792.5338884154157,3387.866666666667,100.13333333333333,-58.90806579589844,1.0020744800567627,5.244410514831543,0.686863124370575,-0.6360873579978943,0.5785872936248779,4.458503246307373,0.6128527522087097,1.5781841278076172,0.5260827541351318,1.4906082153320312,0.524642825126648,0.28032276034355164,0.6034775972366333,2.597479820251465,0.5568349957466125,-0.9580435156822205,0.5313604474067688,1.5511555671691895,0.6152060627937317,-0.5330705046653748,0.5056617856025696,0.541929304599762,0.4837191104888916,-0.1465100646018982,0.5613843202590942
v24,G80,8.0,7.0,50,Mic46BE,0.11739253997802734,0.11663333333333334,0.5649712085723877,4.812667045777651,-0.02545785903930664,1728.1904936190062,2324.613865886691,4825.266666666666,100.13333333333333,-61.976661682128906,0.9732828736305237,9.214592933654785,0.6076117753982544,-5.303295612335205,0.6445986032485962,6.801577568054199,0.6881955862045288,1.0665284395217896,0.5513783097267151,0.24578729271888733,0.5097256302833557,0.7064281105995178,0.6378440856933594,2.388453722000122,0.5442290306091309,-1.052997350692749,0.514333188533783,0.9333112835884094,0.6571921110153198,-0.6625213623046875,0.5430227518081665,0.47800084948539734,0.465459942817688,-0.0010922009823843837,0.5905203819274902
v24,G80,8.0,7.0,60,AccAxial4507,0.0339854396879673,0.22397916666666667,1.0,29.424365527748478,3.074275016784668,5186.725194538678,1413.8650782503778,5507.066666666667,4970.0,-89.78520965576172,1.2774658203125,1.8239604234695435,1.527193546295166,-16.468305587768555,0.9585275053977966,11.552788734436035,0.7824097871780396,-5.134761333465576,0.6560065150260925,2.673487663269043,0.6668014526367188,-0.08205271512269974,0.6106225252151489,4.0515217781066895,0.6688200235366821,0.14220096170902252,0.6337970495223999,-2.0916550159454346,0.5861871838569641,0.9125824570655823,0.5177807807922363,2.9472358226776123,0.5159878134727478,-0.5633473992347717,0.4811929166316986
v24,G80,8.0,7.0,60,AccRadial4507,0.17886699736118317,0.24923194444444444,0.984562873840332,5.504441223733524,0.13582086563110352,5903.620018424303,965.3501938155327,6830.533333333333,5383.066666666667,-74.92556762695312,1.158297061920166,0.9647703170776367,1.530370831489563,-18.902143478393555,1.1277581453323364,14.398883819580078,0.8323789834976196,-5.332269191741943,0.6877357363700867,1.8016140460968018,0.5914725065231323,1.225718379020691,0.6772971153259277,3.205690860748291,0.7844828963279724,-3.5649282932281494,0.7994910478591919,2.5104176998138428,0.7488515973091125,-0.24170421063899994,0.649813711643219,0.9142967462539673,0.5613434910774231,-0.10014894604682922,0.4827786982059479
v24,G80,8.0,7.0,60,Mic147EB,0.17154309153556824,0.13134166666666666,0.7940539717674255,4.628889246774383,-0.10844779014587402,1525.8194862435078,3213.173389499375,4024.4666666666667,100.33333333333333,-54.59574890136719,0.9770144820213318,4.312653064727783,0.5992339849472046,0.3332122564315796,0.6504776477813721,4.781411170959473,0.5197988152503967,1.5246291160583496,0.5066301226615906,1.3002678155899048,0.5244157910346985,-0.15847092866897583,0.5052850842475891,1.9920601844787598,0.4945649802684784,-1.0946723222732544,0.4771420359611511,1.8935755491256714,0.4985696077346802,-0.4611634314060211,0.4471127688884735,0.6723021864891052,0.45078349113464355,-0.45695921778678894,0.4764438569545746
v24,G80,8.0,7.0,60,Mic46BE,0.13385917246341705,0.1266875,0.6316009163856506,4.718398483736806,-0.06568431854248047,1875.1793434875417,2535.400680794407,5093.133333333333,100.33333333333333,-59.781822204589844,0.87693190574646,7.830677509307861,0.5690113306045532,-4.355682373046875,0.6073866486549377,7.486164569854736,0.5229865908622742,1.2319203615188599,0.48649337887763977,-0.04215357452630997,0.5101047158241272,0.5024235844612122,0.6152617335319519,1.6745456457138062,0.5039647221565247,-1.058827519416809,0.4730018675327301,1.345296859741211,0.5099923014640808,-0.4965628385543823,0.46327927708625793,0.5503408908843994,0.46301835775375366,-0.4121284484863281,0.505691647529602
v24,G80,8.0,7.0,70,AccAxial4507,0.10431180149316788,0.2227125,0.5683735013008118,5.448793838902673,0.7133123874664307,5148.801420878376,1342.3098424934913,5264.466666666666,5086.266666666666,-75.13227844238281,1.5104308128356934,5.063833713531494,2.092144250869751,-15.371112823486328,1.1730902194976807,12.515824317932129,1.0303467512130737,-6.315572738647461,0.8001121282577515,2.6153790950775146,0.6586653590202332,-1.1804089546203613,0.692430317401886,4.412025451660156,0.6897376775741577,-1.200727105140686,0.7814727425575256,-1.9159648418426514,0.5916699767112732,-0.16642624139785767,0.6607500910758972,3.1753885746002197,0.5647114515304565,-1.3454349040985107,0.5241620540618896
v24,G80,8.0,7.0,70,AccRadial4507,0.1819426715373993,0.24385555555555555,1.0,5.496236762657652,0.3430013656616211,5740.253070665317,947.0238762172278,6690.4,5130.333333333333,-73.69713592529297,1.8254141807556152,3.245903968811035,2.3456339836120605,-17.89683723449707,1.2630399465560913,14.044100761413574,1.2872614860534668,-5.936902046203613,0.907507598400116,1.0695759057998657,0.6129037737846375,1.0350062847137451,0.6380465626716614,3.3074021339416504,0.7705758213996887,-3.90046763420105,0.9161270260810852,2.0634286403656006,0.839672863483429,-0.6617357730865479,0.7513103485107422,0.33145126700401306,0.6304596662521362,-0.3393690884113312,0.573513388633728
v24,G80,8.0,7.0,70,Mic147EB,0.16624581813812256,0.08839722222222222,0.6551422476768494,3.940804376399624,-0.38417530059814453,880.788610187489,2442.1126007010535,705.4666666666667,100.13333333333333,-58.19974136352539,0.8473419547080994,5.5788469314575195,0.5678715109825134,1.1948710680007935,0.6498300433158875,4.710054397583008,0.6150670647621155,1.4322235584259033,0.4954626262187958,1.288233757019043,0.51683509349823,0.6205447912216187,0.5931150913238525,2.629807949066162,0.5434408187866211,-1.0190669298171997,0.4764687120914459,2.0157577991485596,0.5437019467353821,-0.43054208159446716,0.506580114364624,0.6156074404716492,0.44195979833602905,-0.13454343378543854,0.5450173020362854
v24,G80,8.0,7.0,70,Mic46BE,0.147125244140625,0.10286111111111111,0.6274852156639099,4.264973148076125,-0.24108362197875977,1382.0883730952194,2297.3159724244124,4902.266666666666,100.13333333333333,-60.94119644165039,0.874925434589386,8.78392219543457,0.547468900680542,-3.5822904109954834,0.6484312415122986,7.628746509552002,0.632293701171875,1.034210205078125,0.5099615454673767,-0.20693349838256836,0.4992506206035614,1.2944873571395874,0.5779397487640381,2.262084722518921,0.5542469620704651,-1.1747291088104248,0.4727512001991272,1.5434479713439941,0.5947892665863037,-0.414175420999527,0.5199642777442932,0.4044893980026245,0.464753657579422,-0.01537414826452732,0.5349571704864502
